excerpt,published_date,refresh_existing,scraped_at,source,tags,title,topics,url
"In the fourth development phase, a planned tieback would connect resources from two North Sea discoveries to existing infrastructure at the Johan Sverdrup field, pending project sanction.",2026-06-23,0,2026-06-29T16:52:54.344270+00:00,,"Equinor,Johan Sverdrup,North Sea,Norway,Norwegian Continental Shelf,offshore,subsea,tiebacks,Europe",Equinor Advances Subsea Development Plan at Johan Sverdrup Toward Maturity,"Field/project development,Offshore/subsea systems,Production,Mature fields",https://jpt.spe.org/equinor-advances-subsea-development-plan-at-johan-sverdrup-toward-maturity
"The National Academies of Sciences, Engineering, and Medicine recommend continued state and federal funding, data-sharing, and new technologies to mitigate the risks posed by orphan wells.",2026-06-24,0,2026-06-29T16:52:54.621156+00:00,,"plugging and abandonment,orphan wells,data sharing,National Academies of Sciences, Engineering, and Medicine,health,safety,environment,HSE,ExxonMobil","Report Focuses on Best Practices, Opportunities for Plugging Orphan Wells",HSE & Sustainability,https://jpt.spe.org/report-focuses-on-best-practices-opportunities-for-plugging-orphan-wells
Industry experts at URTeC assessed more than a decade of unconventional growth while discussing where productivity gains will come from next.,2026-06-25,0,2026-06-29T16:52:54.872360+00:00,,"URTeC,Chevron,ADNOC,oil prices,decline rates,hydraulic fracturing,Permian Basin,unconventional resources,artificial intelligence,shale EOR,surfactant,Middle East",URTeC Discussion Focuses on Shale Performance and Recovery Limits,"Unconventional/complex reservoirs,Business/economics,Fracturing/pressure pumping",https://jpt.spe.org/urtec-discussion-focuses-on-shale-performance-and-recovery-limits
Barzan plant explosion that killed 13 and injured 66 occurred 2 days after production was restarted following a scheduled shutdown in December for routine maintenance.,2026-06-25,0,2026-06-29T16:52:55.240683+00:00,,"Qatar,QatarEnergy,ExxonMobil,LNG,Middle East",Qatar LNG Exports Unaffected by Ras Laffan Explosion: Energy Minister,"HSE & Sustainability,Business/economics,LNG,Midstream,Risk management",https://jpt.spe.org/qatar-lng-exports-unaffected-by-ras-laffan-explosion-energy-minister
"The Coral Norte FLNG is to be the mirror image of the Coral Sul unit, which shipped its first cargo in 2022 after it was put into service in Area 4 offshore Mozambique.",2026-06-26,0,2026-06-29T16:52:55.650881+00:00,,"Eni,Technip Energies,Rovuma LNG,Mozambique,Africa,Coral FLNG,Samsung Heavy Industries,tiebacks",Japan’s JGC Awarded Contract for Coral North FLNG in Mozambique,"Production,Floating production systems,LNG,Business/economics,Field/project development",https://jpt.spe.org/japans-jgc-awarded-contract-for-coral-north-flng-in-mozambique
"A new Xodus report finds that scaling CCS across Europe will require significant investment in dedicated CO2 shipping, port infrastructure, and hybrid transport systems—projecting a fleet of about 65 vessels, 33 ports, and rapidly increasing emissions transport by 2050.",2026-06-26,0,2026-06-29T16:52:56.036808+00:00,,"carbon capture and storage,carbon emissions,UK,Europe,infrastructure,pipelines,CO2","Europe’s CCUS Buildout: Infrastructure, Shipping, and the Path to 2050 Carbon Transport",Carbon capture and storage,https://jpt.spe.org/europes-ccus-buildout-infrastructure-shipping-and-the-path-to-2050-carbon-transport
The US supermajor will use Permian Basin natural gas to support the hyperscaler’s AI business.,2026-06-27,0,2026-06-29T16:52:56.471345+00:00,,"Chevron,Microsoft,Caterpillar,GE,artificial intelligence,natural gas,Permian Basin,produced water",Chevron Strikes Deal With Microsoft To Power AI for 20 Years,"Business/economics,Data & Analytics,Onshore/Offshore Facilities",https://jpt.spe.org/chevron-strikes-deal-with-microsoft-to-power-ai-for-20-years
"Equinor and its partners’ investment in the Troll West Increased Gas Recovery North (TWIN) project aims to unlock around 11 Bcm of additional natural gas from the Troll field, with first production targeted as early as 2028.",2026-06-28,0,2026-06-29T16:52:56.908123+00:00,,"Norway,Norwegian Continental Shelf,North Sea,Equinor,Petoro,Shell,TotalEnergies,ConocoPhillips,Troll field",Equinor and Partners Invest To Increase Gas Production at Troll Field,"Offshore/subsea systems,Pipelines/flowlines/risers,Mature fields,Business/economics,Field/project development",https://jpt.spe.org/equinor-and-partners-invest-to-increase-gas-production-at-troll-field
"The Federal Reserve Bank of Dallas’ second-quarter energy survey reports improved business conditions, despite a mixed outlook on oil prices and input costs.",2026-06-28,0,2026-06-29T16:52:57.341491+00:00,,"Federal Reserve Bank,Permian Basin,US,Iran,Middle East,oil prices,oilfield services,CAPEX","US Oilfield Business Activity Strengthens, Though Oil Price Uncertainty Remains","Business/economics,Production",https://jpt.spe.org/us-oilfield-business-activity-strengthens-though-oil-price-uncertainty-remains
The $5.1 billion ultradeepwater project is Angola’s first integrated cross-block development and sits at the top of Azule’s Southern African portfolio.,2026-06-29,0,2026-06-29T16:52:57.856369+00:00,,"Africa,Angola,Eni,BP,Equinor,Sonangol,TotalEnergies,deepwater",Eni-BP Azule JV Declares FID on Angolan Greenfield Project,"Offshore/subsea systems,Floating production systems,Pipelines/flowlines/risers,Asset/portfolio management,Field/project development,Business/economics",https://jpt.spe.org/eni-bp-azule-jv-declares-fid-on-angolan-greenfield-project
This article from the SPE Robotics and Autonomous Systems Technical Section (RASTS) explores the insights shared at the recent Offshore Technology Conference (OTC) in Houston about autonomous systems and their role in the industry's future.,2026-06-22,0,2026-06-29T16:52:58.631192+00:00,,"Technical Section Editorial,robotics,unmanned surface vehicle,autonomous underwater vehicles,offshore,OTC,HSE,inspections,emissions,SPE News",Autonomous Offshore Systems Cruise Into the Spotlight,"Robotics/unmanned systems,R&D/innovation,SPE News",https://jpt.spe.org/autonomous-offshore-systems-cruise-into-the-spotlight
"Analysis by the energy research firm sees the value of artificial intelligence growing for exploration and production companies, but the company said increased investment will be necessary.",2026-06-23,0,2026-06-29T16:52:58.897990+00:00,,"Rystad Energy,artificial intelligence,machine learning,ADNOC,Equinor,oilfield services","Rystad Puts Benefits of Digitalization, AI in Upstream Oil and Gas at $500 Billion",AI/machine learning,https://jpt.spe.org/rystad-puts-benefits-of-digitalization-ai-in-upstream-oil-and-gas-at-500-billion
"The new technology, recently highlighted at OTC, has received a statement of maturity from ABS.",2026-06-14,0,2026-06-29T16:52:59.713401+00:00,,"FPSO,SBM Offshore,Shell,Petrobras,Brazil,emission reductions,R&D,OTC,South America",SBM’s Seawater-Intake Riser Ready To Bring Cool Factor to FPSOs,"Onshore/Offshore Facilities,R&D/innovation,Floating production systems,Pipelines/flowlines/risers,Decarbonization,Processing systems/design",https://jpt.spe.org/sbms-seawater-intake-riser-ready-to-bring-cool-factor-to-fpsos
ExxonMobil and QatarEnergy’s MoU with Cairo to monetize Cyprus’ offshore Glaucus and Pegasus natural gas supports Egypt’s strategy to become the Eastern Mediterranean’s leading gas processing and LNG export hub.,2026-06-15,0,2026-06-29T16:53:00.138498+00:00,,"QatarEnergy,ExxonMobil,Chevron,NewMed Energy,Shell,Cyprus,Egypt,Eastern Mediterranean",QatarEnergy and ExxonMobil Explore Egypt Gas Processing for Cyprus Offshore Production,"LNG,Midstream,Business/economics,Field/project development,Asset/portfolio management",https://jpt.spe.org/qatarenergy-and-exxonmobil-explore-egypt-gas-processing-for-cyprus-offshore-production
"Speakers from various disciplines and professions focus on industry trends, challenges, technology applications and advances. Scheduled DL events are in-person meetings only.",2026-06-15,0,2026-06-29T16:53:00.606172+00:00,,"Distinguished Lecturer,SPE News",2026–2027 SPE Distinguished Lecturers,SPE News,https://jpt.spe.org/2026-2027-spe-distinguished-lecturers
Disputes over tanker fees and the ongoing military operation in Lebanon represent potential fault lines for the tentative peace deal.,2026-06-15,0,2026-06-29T16:53:00.808402+00:00,,"Strait of Hormuz,oil prices,US,Iran,Israel,Rystad Energy,Middle East",Oil Prices Ease as US-Iran Deal Emerges To Reopen the Strait of Hormuz,"Business/economics,Production",https://jpt.spe.org/oil-prices-ease-as-us-iran-deal-emerges-to-reopen-the-strait-of-hormuz
Chevron and Halliburton describe how they built and deployed the fully autonomous closed-loop fracturing system that enables subsurface-driven optimization.,2026-06-16,0,2026-06-29T16:53:01.180394+00:00,,"automation,Chevron,Colorado,fracturing,Halliburton,hydraulic fracturing,proppant,slurries,SPE event","Breaking Down the Sensing, Logic, and Execution of the Closed-Loop Frac System","AI/machine learning,Completions,Fracturing/pressure pumping,Unconventional/complex reservoirs",https://jpt.spe.org/breaking-down-the-sensing-logic-and-execution-of-the-closed-loop-frac-system
Five agreements target more than 11 Tcf of offshore gas and include flare-reduction technology.,2026-06-16,0,2026-06-29T16:53:01.580053+00:00,,"Venezuela,Shell,BP,flaring,Trinidad and Tobago,offshore,South America",Shell Expands Venezuela Position With New Project Agreements,"Business/economics,Production,Onshore/Offshore Facilities,Field/project development",https://jpt.spe.org/shell-expands-venezuela-position-with-new-project-agreements
"This paper proposes a novel, real-time pump failure prediction method using machine learning with scaled load ratio to accurately predict pump failures using only surface pump load data.",2026-06-17,0,2026-06-29T16:53:02.026599+00:00,,"beam pumps,machine learning,artificial lift,artificial intelligence,deep learning",Prediction of Sucker Rod Pump Failures Using Scaled Load Ratios and Machine Learning,Artificial lift,https://jpt.spe.org/prediction-of-sucker-rod-pump-failures-using-scaled-load-ratios-and-machine-learning
The California Resources Corporation achieved the state’s first carbon dioxide injection into two depleted reservoirs with the potential to store 38 million tonnes.,2026-06-17,0,2026-06-29T16:53:02.459979+00:00,,"carbon capture and storage,CO2,California",California Sees Its First Carbon Storage Injection,Carbon capture and storage,https://jpt.spe.org/california-sees-its-first-carbon-storage-injection
"The company says its curated service aims to connect energy professionals, developers, and partners to discover, deploy, and scale trusted AI agents, domain models, and digital applications.",2026-06-18,0,2026-06-29T16:53:02.644580+00:00,,"SLB,artificial intelligence,data sharing,data science",SLB Launches Digital Marketplace To Scale AI and Digital Innovation,Data & Analytics,https://jpt.spe.org/slb-launches-digital-marketplace-to-scale-ai-and-digital-innovation
"Assets consolidated into the Searah JV include Eni-operated deepwater gas-condensate developments in the Kutei Basin, offshore East Kalimantan, Indonesia.",2026-06-18,0,2026-06-29T16:53:03.089707+00:00,,"Eni,Petronas,Indonesia,Malaysia,East Kalimantan","Eni, Petronas Merge Indonesian, Malaysian Assets To Create New Joint Venture","Business/economics,Field/project development,Exploration/discoveries",https://jpt.spe.org/eni-petronas-merge-indonesian-malaysian-assets-to-create-new-joint-venture
"The technology has passed its first phase of qualification, with 84 nodes placed on the seafloor at a depth of 2,000 m to acquire 4D seismic data in the pre-salt Santos Basin.",2026-06-19,0,2026-06-29T16:53:03.462785+00:00,,"4D seismic,Brazil,Santos Basin,pre-salt,supercomputers,Petrobras,Shell,TotalEnergies,CNPC,CNOOC,South America",New Seismic Acquisition Technology Advances Offshore Brazil,"Reservoir characterization,R&D/innovation,Data & Analytics",https://jpt.spe.org/new-seismic-acquisition-technology-advances-offshore-brazil
The Pinnington project in North Texas is the company’s largest solar project in the state and brings Repsol’s renewable energy generation capacity in the US to greater than 2 GW.,2026-06-21,0,2026-06-29T16:53:03.885393+00:00,,"Repsol,Black & Veatch,solar power,energy mix,Texas,New Mexico",Repsol Reaches Commercial Operation at 825-MW Solar Facility in Texas,"HSE & Sustainability,Energy transition",https://jpt.spe.org/repsol-reaches-commercial-operation-at-825-mw-solar-facility-in-texas
Xu outlines the thinking and theories that led his team to six world-class oil discoveries that total more than 100 million tons of proven geological reserves since 2021.,2026-06-04,0,2026-06-29T16:53:04.711748+00:00,,"Bohai Bay,career advice,China,CNOOC,R&D,SPE event,awards,Southeast Asia,skills development,young professionals,innovation",Exclusive Q&A With CNOOC’s Changgui Xu: What It Takes To Turn High-Risk Accumulations Into Reserves,"Exploration/discoveries,R&D/innovation,Reservoir,Reservoir characterization",https://jpt.spe.org/exclusive-q-a-with-cnoocs-changgui-xu-what-it-takes-to-turn-high-risk-accumulations-into-reserves
"Utah, Colorado, Arizona, and New Mexico have formed the Mountain West Geothermal Consortium to turn geothermal energy into gigawatts of baseload power.",2026-06-05,0,2026-06-29T16:53:04.937538+00:00,,"geothermal energy,Utah,Colorado,renewable energy,Fervo,New Mexico",Four Western US States Form Consortium To Advance Geothermal Energy Development,"Geothermal energy,Business/economics",https://jpt.spe.org/four-western-us-states-form-consortium-to-advance-geothermal-energy-development
"Still flowing nearly 40 years after startup, Gullfaks recently delivered its 5,000th cargo of sweet, low-sulfur crude to Sweden, underscoring how Equinor’s aging shelf assets continue to support Europe’s energy supply.",2026-06-06,0,2026-06-29T16:53:05.360170+00:00,,"Equinor,Gullfaks,Norwegian Continental Shelf,Europe","Equinor Ships 5,000th Crude Cargo From Gullfaks Field in Milestone Delivery","Business/economics,Mature fields,Asset/portfolio management,Midstream",https://jpt.spe.org/equinor-ships-5-000th-crude-cargo-from-gullfaks-field-in-milestone-delivery
BP said it expects to keep the Azeri-Chirag-Gunashli (ACG) project in production into the 2040s by tapping into separate nonassociated gas reservoirs.,2026-06-07,0,2026-06-29T16:53:05.783297+00:00,,"Azerbaijan,Caspian,BP",BP Reports First Commercial Gas Production at Azerbaijan’s ACG Offshore Field,"Asset Management,Field/project development,Reservoir,Business/economics,Drilling,Mature fields,Production",https://jpt.spe.org/bp-reports-first-commercial-gas-production-at-azerbaijans-acg-offshore-field
"ABL’s Australia unit will provide marine warranty survey services to support the first phase of Esso’s decommissioning campaign, which aims to recycle 95% of the 60,000 tons of offshore structures targeted for removal.",2026-06-08,0,2026-06-29T16:53:06.201740+00:00,,"decommissioning,Australia,ExxonMobil",ABL Wins Service Contract for ExxonMobil’s Gippsland Decommissioning Campaign,Decommissioning,https://jpt.spe.org/abl-wins-service-contract-for-exxonmobils-gippsland-decommissioning-campaign
This article from the SPE Integrated Reservoir Management Technical Section (IRMTS) addresses decision timing across the reservoir cycle.,2026-06-08,0,2026-06-29T16:53:06.563069+00:00,,"Prudhoe Bay,Norwegian Sea,decline rates,Technical Section Editorial,SPE News","Integrated Reservoir Management: Decisions, Data, and Discipline","Reservoir,Asset Management,Business/economics,Production,Risk management,SPE News",https://jpt.spe.org/integrated-reservoir-management-decisions-data-and-discipline
Aramco says it has saved $770 million over the past 3 years from the $70 million it has invested over the same period in corrosion management technologies.,2026-06-08,0,2026-06-29T16:53:06.823841+00:00,,"Saudi Aramco,Emerson,corrosion,artificial intelligence,machine learning","Aramco, Emerson Partner on End-to-End Corrosion Monitoring System","Asset Management,Data & Analytics,AI/machine learning",https://jpt.spe.org/aramco-emerson-partner-on-end-to-end-corrosion-monitoring-system
The new guidelines were released prior to reports that enhanced geothermal developer Fervo Energy experienced a blowout in Utah with no reported injuries.,2026-06-09,0,2026-06-29T16:53:07.268879+00:00,,"International Association of Drilling Contractors,blowout,well control,plugging and abandonment,Fervo",IADC Releases Geothermal Well-Control Guidelines,"Geothermal energy,Drilling,HSE & Sustainability",https://jpt.spe.org/iadc-releases-geothermal-well-control-guidelines
"Thanks to stepout-well and tieback technologies, Shell’s Mars platform is the first single offshore platform in the US Gulf to produce 1 billion bbl of crude over its lifetime with production expected to continue into the 2040s.",2026-06-10,0,2026-06-29T16:53:07.575682+00:00,,"Gulf of Mexico,Shell,Louisiana,offshore,tiebacks",Shell Marks Mars Production Record Offshore Louisiana,"Mature fields,Field/project development",https://jpt.spe.org/shell-marks-mars-production-record-offshore-louisiana
"Production delivered by the subsea artificial lift system will equal that obtained by drilling two new wells, according to BP.",2026-06-11,0,2026-06-29T16:53:07.895996+00:00,,"BP,ExxonMobil,subsea,Gulf of Mexico,mature fields,artificial lift,Thunder Horse","BP, ExxonMobil Award Thunder Horse EPC Contract to SLB OneSubsea","Artificial lift,Mature fields,Offshore/subsea systems,Business/economics",https://jpt.spe.org/bp-exxonmobil-awards-thunder-horse-epc-contract-to-slb-onesubsea
"Research by Enervus sees early 2026 permitting activity for the carbon capture and storage wells pointing to a growing approval queue, even while the rate of applications eases.",2026-06-12,0,2026-06-29T16:53:08.292598+00:00,,"carbon capture and storage,Enverus,permitting,Environmental Protection Agency,Louisiana,Texas,Kansas,Colorado,CO2","CCS Well Approvals Build, Submissions Slow","Carbon capture and storage,Drilling",https://jpt.spe.org/ccs-well-approvals-build-submissions-slow
The deployment of a new heavy-duty robotic system aims to reduce workforce exposure to high-risk areas while improving detection of potential leaks.,2026-06-12,0,2026-06-29T16:53:08.706741+00:00,,"inspections,robotics,ADNOC,UAE,HSE,R&D,artificial intelligence,sensors,emerging technology",ADNOC Touts Robotic Deployment With More to Come,"Inspection/maintenance,Robotics/unmanned systems,R&D/innovation,Onshore/Offshore Facilities",https://jpt.spe.org/adnoc-touts-robotic-deployment-with-more-to-come
Corporate consolidation and foreign buyers helped drive $38 billion in upstream deals in the first quarter of 2026.,2026-05-30,0,2026-06-29T16:53:09.422713+00:00,,"Enverus,mergers and acquisitions,shale,Anadarko Basin,Permian Basin,oil prices","US Upstream Dealmaking Cools, but Enverus Sees Price Rally Reigniting M&A","Asset/portfolio management,Business/economics,Risk management,Unconventional/complex reservoirs",https://jpt.spe.org/us-upstream-deal-making-cools-but-enverus-sees-price-rally-reigniting-m-a
"This paper explores the transformative effect of unmanned aerial systems on operational efficiency, safety, and emergency response within the Khurais oil fields in Saudi Arabia. By integrating sophisticated drone technology, improvements have been achieved in routine inspections, leak detection, and emergency scenarios.",2026-06-01,0,2026-06-29T16:53:09.666456+00:00,,"HSE,safety,unmanned aerial vehicle,inspections,maintenance,leak detection,Saudi Arabia",Unmanned Aerial Systems Innovate Safety and Efficiency,"HSE & Sustainability,Inspection/maintenance",https://jpt.spe.org/unmanned-aerial-systems-innovate-safety-and-efficiency
This guest editorial from the Center for Injection and Seismicity Research (CISR) at The University of Texas at Austin details the emerging risks posed by injection in Texas and what steps might be taken to mitigate them.,2026-06-01,0,2026-06-29T16:53:10.145588+00:00,,"Texas,Permian Basin,Delaware Basin,Midland Basin,produced water,induced seismicity,saltwater disposal,regulations,Guest Editorial,orphan wells,abandoned wells,zonal isolation,disposal well",Guest Editorial: Rising Pressures and Legacy Wells—The Permian Basin’s Next Challenge,"Unconventional/complex reservoirs,Production,Reservoir,HSE & Sustainability,Onshore/Offshore Facilities,Water management,Risk management",https://jpt.spe.org/guest-editorial-rising-pressures-and-legacy-wells-the-permian-basins-next-challenge
"Since the US arrested and removed Venezuelan President Nicolás Maduro on 3 January 2026, all eyes have turned toward the country’s vast oil reserves, the largest of any country. From 2005 to 2024, oil production in Venezuela fell by 70%, from 3.1 million B/D to just 0.9 million B/D. The race is on to bring production back, but aging infrastructure and expatriation pre…",2026-06-01,0,2026-06-29T16:53:10.409191+00:00,,,The New Brownfield of Venezuela,,https://jpt.spe.org/the-new-brownfield-of-venezuela-restricted
This case study from SLB and offshore producer PRIO describes the longest openhole section in Latin America with the highest extended-reach drilling ratio in Brazil’s history.,2026-06-01,0,2026-06-29T16:53:10.860900+00:00,,"SLB,Brazil,Campos Basin,Latin America,extended reach wells,measurement while drilling,offshore,case study,mature fields",Case Study: Record-Setting ERD Execution in Brazil,"Drilling,Reservoir,Reservoir characterization,Onshore/Offshore Facilities",https://jpt.spe.org/case-study-record-setting-erd-execution-in-brazil
"As unconventional hydraulic fracturing matures, completions practices shift from art to engineering best practices.",2026-06-01,0,2026-06-29T16:53:11.199020+00:00,,,Evolving Perforation Strategies Improve Fracture Performance,,https://jpt.spe.org/evolving-perforation-strategies-improve-fracture-performance-restricted
This case study from Erdos Miller outlines the use of magnetic short-hop technologies to complement the use of mud pulsers to transmit telemetry to surface.,2026-06-01,0,2026-06-29T16:53:11.657973+00:00,,"rotary steering systems,measurement while drilling,emerging technology,Permian Basin,Eagle Ford Shale,case study",Case Study: Magnetic Short-Hop Enables Real-Time RSS-to-MWD Communication,"Drilling,Directional/complex wells,Unconventional/complex reservoirs",https://jpt.spe.org/case-study-magnetic-short-hop-enables-real-time-rss-to-mwd-communication
"New insights from Chevron, Occidental Petroleum, and others at the SPE Improved Oil Recovery Conference highlight the different paths companies are using to squeeze more out of tight rocks.",2026-06-01,0,2026-06-29T16:53:11.916818+00:00,,,"In Shale, There’s No Single Playbook for How To Do EOR",,https://jpt.spe.org/in-shale-theres-no-single-playbook-for-how-to-do-eor-restricted
"INEOS Energy and Shell have partnered to invest in Gulf of Mexico exploration, while Eni reported strong productivity from its Geliga 1 discovery in Indonesia. Santos is advancing its Agogo project in Papua New Guinea, and ConocoPhillips received approval to redevelop several previously producing oil fields in Norway’s Greater Ekofisk Area.",2026-06-01,0,2026-06-29T16:53:12.348421+00:00,,"Ineos,Shell,Appomattox,Gulf of Mexico,Eni,Indonesia,Sinopec,China,Santos Energy,Papua New Guinea,ConocoPhillips,Norway,Repsol,Alaska,North Slope","Global Exploration and Production Roundup: FIDs, Discoveries, and New Frontiers—June 2026","Exploration/discoveries,Field/project development",https://jpt.spe.org/global-exploration-and-production-roundup-fids-discoveries-and-new-frontiers-june-2026
Weatherford CEO Girish K. Saligram said the acquisition will bolster Weatherford’s completions offerings and unconventional reservoir capabilities.,2026-06-02,0,2026-06-29T16:53:12.671977+00:00,,"acquisitions and divestitures,completions,Weatherford",Weatherford To Scoop Up NCS Multistage,"Asset/portfolio management,Business/economics,Completions,Unconventional/complex reservoirs",https://jpt.spe.org/weatherford-to-scoop-up-ncs-multistage
"Amanda Spiegel Rushing, SPE Director of North America events and a highly respected Certified Meetings Professional and Professional Association Manager, passed away on 14 May 2026.",2026-06-02,0,2026-06-29T16:53:12.885857+00:00,,,In Memoriam: Amanda Spiegel Rushing,SPE News,https://jpt.spe.org/in-memoriam-amanda-spiegel-rushing
The deal adds physics-based reservoir modeling and real-time decision workflows to SLB’s digital portfolio.,2026-06-03,0,2026-06-29T16:53:13.457821+00:00,,"mergers and acquisitions,artificial intelligence,machine learning,modeling,SLB",SLB Expands Digital Portfolio With Acquisition of AI Firm Tachyus,"Business/economics,Reservoir,AI/machine learning,Data & Analytics,Unconventional/complex reservoirs",https://jpt.spe.org/slb-expands-digital-portfolio-with-acquisition-of-ai-firm-tachyus
Caturus Energy’s platform integrates upstream assets from the Haynesville and East Texas basins with downstream liquefaction and export terminal facilities on Louisiana’s Gulf Coast.,2026-05-20,0,2026-06-29T16:53:14.134369+00:00,,"Haynesville,Louisiana,exports",Caturus Energy Greenlights Commonwealth LNG Project in Louisiana,"LNG,Midstream,Pipelines/flowlines/risers,Decarbonization,Business/economics",https://jpt.spe.org/caturus-energy-greenlights-commonwealth-lng-project-in-louisiana
Analysis from Wood Mackenzie warns that a prolonged closure of the critical waterway would have lasting effects on the global economy and Middle East supply capacity.,2026-05-21,0,2026-06-29T16:53:14.310705+00:00,,"Wood Mackenzie,Enverus,Strait of Hormuz,Middle East,Qatar,Iran,oil prices",Report: Prolonged Strait of Hormuz Crisis May Send Oil Near $200/bbl by Year-End,"Business/economics,HSE & Sustainability,LNG",https://jpt.spe.org/report-prolonged-strait-of-hormuz-crisis-may-send-oil-near-200-bbl-by-year-end
"Expected to be commissioned in 2027, the new pipeline will double the UAE's current capacity of 1.8 million B/D of crude that can be transported beyond the contested waterway.",2026-05-22,0,2026-06-29T16:53:14.669070+00:00,,"ADNOC,pipelines,Strait of Hormuz,Middle East,risk management,oil prices,Iran,UAE,OPEC",ADNOC Accelerates Pipeline Project To Bypass Strait of Hormuz,"Business/economics,Pipelines/flowlines/risers,Risk management,Production",https://jpt.spe.org/adnoc-accelerates-pipeline-project-to-bypass-strait-of-hormuz
The collaboration aims to provide a dedicated land rig for geothermal wells in the US.,2026-05-24,0,2026-06-29T16:53:15.037298+00:00,,"geothermal energy,Baker Hughes,Helmerich & Payne,drilling rigs,energy transition,US","Baker Hughes, H&P Team Up on Geothermal Development","Geothermal energy,Drilling",https://jpt.spe.org/baker-hughes-h-p-team-up-on-geothermal-development
This article from the SPE Hydrogen Technical Section (H2TS) analyzes career opportunities and the capabilities professionals will need as the hydrogen sector continues to take shape.,2026-05-25,0,2026-06-29T16:53:15.369580+00:00,,"hydrogen,career development,career advice,Technical Section Editorial,SPE News",Building a Career in Hydrogen: What Young Professionals Need to Know,"Onshore/Offshore Facilities,Business/economics,SPE News",https://jpt.spe.org/building-a-career-in-hydrogen-what-young-professionals-need-to-know
"US Energy Information Administration data sees the country’s energy production jump 3.4% over 2024 levels. Additionally, the EIA predicts industrial natural gas consumption to hit records in 2026 and 2027.",2026-05-26,0,2026-06-29T16:53:15.584233+00:00,,"US Energy Information Administration,energy mix,Appalachian Basin,Permian Basin,Haynesville,natural gas,geothermal energy,renewable energy",US Sets Record for Energy Production in 2025,"Business/economics,Asset Management",https://jpt.spe.org/us-sets-record-for-energy-production-in-2025
Haustveit was confirmed by the US Senate on 18 May.,2026-05-26,0,2026-06-29T16:53:15.979065+00:00,,"SPE News,US Department of Energy",Kyle Haustveit Confirmed as US DOE Under Secretary of Energy,SPE News,https://jpt.spe.org/kyle-haustveit-confirmed-as-us-doe-under-secretary-of-energy
The top three bidders in the latest lease sale by the US federal government paid a combined $3.9 billion.,2026-05-26,0,2026-06-29T16:53:16.354071+00:00,,"Bureau of Land Management,federal lands,bidding round,lease sale,Devon Energy,Permian Basin,Texas,New Mexico",US Federal Lease Sale in Permian Basin Nets Over $4 Billion,"Asset/portfolio management,Business/economics,Unconventional/complex reservoirs",https://jpt.spe.org/us-federal-lease-sale-in-permian-basin-nets-over-4-billion
A laboratory research study evaluates several different chemical injection concepts for the removal of elemental mercury from multiphase flow.,2026-05-27,0,2026-06-29T16:53:16.926076+00:00,,"multiphase flow,environment,HSE",Mercury Scavenging from Multiphase Flow Via Chemical Injection,"Oilfield chemistry,Environment,HSE & Sustainability",https://jpt.spe.org/mercury-scavenging-from-multiphase-flow-via-chemical-injection
The companies will work together to increase future production and value creation at their respective assets in the Norwegian Continental Shelf.,2026-05-27,0,2026-06-29T16:53:17.025964+00:00,,"Equinor,Aker BP,Norwegian Continental Shelf,Norway,exploration,Barents Sea,Troll field,mature fields",Equinor and Aker BP Partner To Increase Exploration Efforts in the Norwegian Continental Shelf,"Asset/portfolio management,Field/project development",https://jpt.spe.org/equinor-and-aker-bp-partner-to-increase-exploration-efforts-in-the-norwegian-continental-shelf
"The SPE Human Factors Technical Section has been officially renamed the SPE Safety Technical Section. The new name better reflects how safety is managed today across interconnected areas like human performance, risk management, and system resilience.",2026-05-28,0,2026-06-29T16:53:17.500687+00:00,,"safety,human factors,SPE News,professional development",SPE Renames Human Factors Technical Section to Safety Technical Section,"SPE News,Safety,HSE & Sustainability",https://jpt.spe.org/spe-renames-human-factors-technical-section-to-safety-technical-section
"The Career Advancement Network held its Energy Professionals Hiring Event at SPE’s 2026 Offshore Technology Conference, allowing participants to connect with employers, explore opportunities, and seek information about job opportunities in a rapidly evolving industry.",2026-05-29,0,2026-06-29T16:53:17.983018+00:00,,"career development,young professionals,Gulf Coast Section,OTC,SPE event,Texas,volunteer",Connecting Talent and Opportunity: CAN Shines at OTC 2026,"SPE News,Human resources",https://jpt.spe.org/connecting-talent-and-opportunity-can-shines-at-otc-2026
"AI‑driven data center growth is straining US power grids and accelerating interest in enhanced geothermal systems as a scalable, low‑carbon solution.",2026-05-06,0,2026-06-29T16:53:18.631061+00:00,,"geothermal energy,enhanced geothermal system,Fervo,Sage Geosystems,energy mix",AI Data Center Growth Pushes Enhanced Geothermal Into the Energy Spotlight,"Geothermal energy,Field/project development,Business/economics,AI/machine learning,Data & Analytics",https://jpt.spe.org/ai-data-center-growth-pushes-enhanced-geothermal-into-the-energy-spotlight
Acting director of the new center Ale Hakala outlines the research priorities guiding the newly established center’s focus on production enhancement technologies.,2026-05-06,0,2026-06-29T16:53:19.070230+00:00,,"National Energy Technology Laboratory,US Department of Energy,unconventional resources,shale EOR,EOR/IOR,water reuse/recycling,produced water,CO2 EOR","Inside NETL’s Oil and Gas Center of Excellence, an Engagement Hub for US Upstream","R&D/innovation,Enhanced recovery,Oilfield chemistry,Unconventional/complex reservoirs",https://jpt.spe.org/inside-netls-oil-and-gas-center-of-excellence-an-engagement-hub-for-us-upstream
The company says the service is designed to advance geosteering capabilities in complex drilling environments.,2026-05-07,0,2026-06-29T16:53:19.471908+00:00,,"SLB,drilling optimization,automation,geosteering,petrophysics",SLB Launches AlphaSight Reservoir Mapping Platform,Reservoir characterization,https://jpt.spe.org/slb-launches-alphasight-reservoir-mapping-platform
A Chinese operator in the Sichuan Basin used high‑frequency pressure monitoring to evaluate frac performance in unconventional wells.,2026-05-08,0,2026-06-29T16:53:19.900847+00:00,,"China,fracturing,pressure gauges,pressure monitoring,shale oil,horizontal wells,SPE event,Asia Pacific,case study",Reducing Frac Diagnostics Costs: What Wellhead-Pressure Monitoring Reveals,"Acidizing/stimulation,Fracturing/pressure pumping,Unconventional/complex reservoirs",https://jpt.spe.org/reducing-frac-diagnostics-costs-what-wellhead-pressure-monitoring-reveals
"JPT is recruiting reviewers to help select high‑impact SPE conference papers for publication. If you have technical expertise and a passion for sharing knowledge, this leadership role could be for you.",2026-05-11,0,2026-06-29T16:53:20.280187+00:00,,volunteer,Make an Impact by Joining the JPT Editorial Review Board,SPE News,https://jpt.spe.org/make-an-impact-by-joining-the-jpt-editorial-review-board
"A discussion at the inaugural executive breakfast convened by the SPE Data Science and Engineering Analytics Technical Section, held alongside CERAWeek by S&P Global and powered by Black & Veatch, tackled the challenge of value creation from artificial intelligence in the energy industry.",2026-05-11,0,2026-06-29T16:53:20.640197+00:00,,"data science,data analytics,artificial intelligence,machine learning,Technical Section Editorial,ConocoPhillips,Black & Veatch,AWS,SPE News",Unlocking ROI From AI: From Metrics to Execution in the Energy Industry,"Data & Analytics,AI/machine learning,SPE News",https://jpt.spe.org/unlocking-roi-from-ai-from-metrics-to-execution-in-the-energy-industry
"Equinor generated its first revenue from the Adura joint venture with Shell, formed in late 2025, highlighting strong early cash flow from key UK fields including Mariner and Buzzard.",2026-05-12,0,2026-06-29T16:53:21.059672+00:00,,"Equinor,Norway,Norwegian Continental Shelf,North Sea,Johan Castberg,UK,Brazil,Campos Basin,South America",Equinor Posts Record 9% Production Increase as Projects Advance in Brazil and the UK,"Business/economics,Onshore/Offshore Facilities,Production",https://jpt.spe.org/equinor-posts-record-9-production-increase-as-projects-advance-in-brazil-and-the-uk
This study explores the use of autoencoder models with convolutional neural networks to present a framework and prototype for early and accurate kick detection during offshore oilwell drilling.,2026-05-13,0,2026-06-29T16:53:21.425847+00:00,,"kick detection,artificial intelligence,machine learning,neural networks,drilling data,safety,HSE,deepwater,Brazil,pre-salt",Autoencoders for Early Kick Detection: Improving Safety in Offshore Oilwell Drilling,"Drilling automation,Drilling,HSE & Sustainability",https://jpt.spe.org/autoencoders-for-early-kick-detection-improving-safety-in-offshore-oilwell-drilling
"Working with Dell Technologies and NVIDIA, the French supermajor is targeting improved seismic processing and artificial intelligence applications.",2026-05-14,0,2026-06-29T16:53:21.835259+00:00,,"TotalEnergies,artificial intelligence,seismic,R&D",TotalEnergies Plans Sixfold Increase in Computing Power With Pangea 5,"Data & Analytics,AI/machine learning,R&D/innovation,Reservoir",https://jpt.spe.org/totalenergies-plans-sixfold-increase-in-computing-power-with-pangea-5
"The Houston-based enhanced geothermal developer scored $1.9 billion in an initial public offering, positioning it to expand projects in Utah and Nevada.",2026-05-14,0,2026-06-29T16:53:22.241298+00:00,,"Fervo,enhanced geothermal system,hydraulic fracturing,Utah,capital projects",Geothermal Firm Fervo Energy Debuts on US Stock Market,"Business/economics,Geothermal energy,Fracturing/pressure pumping",https://jpt.spe.org/geothermal-firm-fervo-energy-debuts-on-us-stock-market
"While often associated with smaller discoveries, subsea tiebacks are playing a growing role in contributing to the broader energy mix.",2026-05-15,0,2026-06-29T16:53:22.609834+00:00,,"tiebacks,subsea,Subsea7,OTC,BP,Murphy Oil,Chevron,Shell,offshore,R&D,Rystad Energy",From Marginal Pools to Material Barrels: Subsea Tiebacks Gain Strategic Weight,"Offshore/subsea systems,Asset/portfolio management,Business/economics,Field/project development,Pipelines/flowlines/risers,Production",https://jpt.spe.org/from-marginal-pools-to-material-barrels-subsea-tiebacks-gain-strategic-weight
"After a decade and a half of declining production, Uzbekistan, ranked 15th worldwide in gas output, has been seeking foreign partners to revive and reverse the fortunes of its oil and gas industry.",2026-05-18,0,2026-06-29T16:53:23.052065+00:00,,BP,BP Launches First Uzbekistan Project With SOCAR Agreement,"Exploration/discoveries,Field/project development,Asset/portfolio management,Business/economics",https://jpt.spe.org/bp-launches-first-uzbekistan-project-with-socar-agreement
"Formerly titled E&P Notes, this monthly snapshot of global E&P activity highlights ongoing developments worldwide.",2026-05-01,0,2026-06-29T16:53:23.799000+00:00,,"Eni,Petrobras,BP,TotalEnergies,Libya,Egypt,Indonesia,Turkey,Campos Basin,Namibia,Congo","Global Exploration and Production Roundup: FIDs, Discoveries, and New Frontiers","Field/project development,Exploration/discoveries",https://jpt.spe.org/global-exploration-and-production-roundup-fids-discoveries-and-new-frontiers
"Experts and industry leaders gathered in The Woodlands, Texas, recently to sift through the challenges of carbon capture, utilization, and storage. The puzzle is coming together, but some critical pieces are still needed before the results look like the picture on the box.",2026-05-01,0,2026-06-29T16:53:24.163340+00:00,,,Does the CCUS Puzzle Have All Its Pieces?,,https://jpt.spe.org/does-the-ccus-puzzle-have-all-its-pieces-restricted
This case study from Italian technology developer Sentris highlights the effectiveness of using sensors during pigging operations to optimize cleaning efficiency.,2026-05-01,0,2026-06-29T16:53:24.642314+00:00,,"pipelines,offshore pipelines,pigging,sensors,data analytics,case study",Case Study: How Advanced Sensing and Big Data Improve Pipeline Cleaning and Flow Assurance,"Flow assurance,Pipelines/flowlines/risers,Inspection/maintenance,Onshore/Offshore Facilities,Production",https://jpt.spe.org/case-study-how-advanced-sensing-and-big-data-improve-pipeline-cleaning-and-flow-assurance
EQT is benchmarking its way to basin-leading productivity and relying on partnerships and new technology to turn KPIs into operational reality.,2026-05-01,0,2026-06-29T16:53:24.984951+00:00,,,Exclusive Q&A With EQT’s Sarah Fenton: Every Metric Matters,,https://jpt.spe.org/exclusive-q-a-with-eqts-sarah-fenton-every-metric-matters
Drilling experts recently shared candid views on what will be required for their segment of the upstream business to move to the next stage of development.,2026-05-01,0,2026-06-29T16:53:25.275267+00:00,,,"Why Humans, Not Technology, Are the Biggest Obstacle to Drilling Advancement",,https://jpt.spe.org/why-humans-not-technology-are-the-biggest-obstacle-to-drilling-advancement-restricted
"SPE has restructured its global events organization to better align with evolving business priorities and regional needs, strengthening regional leadership with the appointments of Michelle Tan and Michael Ryan as vice presidents for the Eastern and Western Hemispheres, respectively.",2026-05-01,0,2026-06-29T16:53:25.674046+00:00,,"SPE News,SPE event,leadership",SPE Staff Leadership Updates Within Global Events,SPE News,https://jpt.spe.org/spe-staff-leadership-updates-within-global-events
"Operators aren’t rushing to drill, even as the closure of the Strait of Hormuz drives oil prices up.",2026-05-01,0,2026-06-29T16:53:26.071547+00:00,,"DUCs,oil prices,Permian Basin,Rystad Energy,shale,horizontal wells,laterals","High Prices, Hard Constraints: Rystad on DUCs, Longer Laterals, and Growth","Business/economics,Drilling,Production,Unconventional/complex reservoirs",https://jpt.spe.org/high-prices-hard-constraints-rystad-on-ducs-longer-laterals-and-growth
"Talos Energy founder Tim Duncan has been named executive chairman of newly formed 1947 Oil & Gas, which will focus on acquiring and developing mature, shallow-water assets through its buyout of Renaissance Offshore. The deal is expected to close in Q2 2026.",2026-05-02,0,2026-06-29T16:53:26.481818+00:00,,"Talos Energy,Gulf of Mexico,acquisitions and divestitures",Talos Energy Founder To Lead New US Gulf Operator After Renaissance Acquisition,"Asset/portfolio management,Business/economics,Mature fields",https://jpt.spe.org/talos-energy-founder-to-lead-new-us-gulf-operator-after-renaissance-acquisition
Cella’s approach borrows established EOR practices to mineralize pure‑phase CO2 in basalt rocks while reducing water requirements.,2026-05-03,0,2026-06-29T16:53:26.964507+00:00,,"carbon capture and storage,startup companies,Kenya,water alternating gas flooding,EOR/IOR,CO2,R&D,Halliburton,Africa",US Startup Successfully Tests CO2 Mineralization Using EOR‑Style Injections,"Carbon capture and storage,HSE & Sustainability",https://jpt.spe.org/us-startup-successfully-tests-co2-mineralization-using-eor-style-injections
"The UAE will prioritize national interests and production flexibility, setting up implications for OPEC’s market power, oil, prices, and global supply dynamics.",2026-05-04,0,2026-06-29T16:53:27.354011+00:00,,"UAE,OPEC,OPEC+,Saudi Arabia,Middle East,oil prices","UAE To Exit OPEC After 60 Years, Citing New Market Reality","Business/economics,Production,Risk management",https://jpt.spe.org/uae-to-exit-opec-after-60-years-citing-new-market-reality
Opening day remarks from President Mohamed Irfaan Ali framed fossil fuels and renewables as parallel systems amid rising demand and structural supply pressures.,2026-05-04,0,2026-06-29T16:53:27.638034+00:00,,"OTC,Guyana,energy transition,renewable energy,SPE event,sustainable development,South America,energy mix",President of Guyana Makes Case for Oil and Gas in a Balanced Energy System at OTC,"Business/economics,Sustainability,Production",https://jpt.spe.org/president-of-guyana-makes-case-for-oil-and-gas-in-a-balanced-energy-system-at-otc
The acquisition establishes a unified North American upstream analytical data set with the goal of streamlining capital allocation decisions.,2026-05-05,0,2026-06-29T16:53:27.957179+00:00,,"data sharing,US,Canada,Permian Basin,Eagle Ford Shale,Montney formation,Duvernay shale,artificial intelligence","Novi Labs Acquires Turing Analytics, Combining US, Canadian Upstream Data Sets","Business/economics,Asset Management",https://jpt.spe.org/novi-labs-acquires-turing-analytics-combining-us-canadian-upstream-data-sets
"As AI drives record heat loads in data centers, immersion liquid cooling is gaining momentum, and energy companies are lining up to support it.",2026-04-24,0,2026-06-29T16:53:28.800727+00:00,,"Shell,ExxonMobil,Petronas,TotalEnergies,sustainability,data science,energy efficiency",Keppel and Shell Turn to Immersion Cooling To Tackle Data Center Heat,"AI/machine learning,Data & Analytics",https://jpt.spe.org/keppel-and-shell-turn-to-immersion-cooling-to-tackle-data-center-heat
The country’s foreign investment bid comes as Sonatrach launches its largest capital expenditure outlay—$60 billion to be spent from 2026 to 2030.,2026-04-25,0,2026-06-29T16:53:29.203358+00:00,,"Algeria,North Africa,bidding round,EOR/IOR,exploration,Sonatrach,TotalEnergies,QatarEnergy,Eni,PTTEP,Sinopec",Algeria Offers 24 Saharan Oil and Gas Blocks in 2026 Bid Round,"Exploration/discoveries,Business/economics,Mature fields",https://jpt.spe.org/algeria-offers-24-saharan-oil-and-gas-blocks-in-2026-bid-round
"Under the agreement, Trafigura will pay Gabon $1 billion for future crude export deliveries over 7 years.",2026-04-26,0,2026-06-29T16:53:29.595285+00:00,,"Gabon,West Africa,Africa,OPEC,US Energy Information Administration",Trafigura Inks Deal as Exclusive Offtaker in Gabon,"Business/economics,Asset Management",https://jpt.spe.org/trafigura-inks-deal-as-exclusive-offtaker-in-gabon
"The Offshore Technology Conference will honor the winners of the 2026 Spotlight on New Technology Award on Monday, 4 May, at NRG Center in Houston. Seventeen groundbreaking innovations, from AI-powered geotechnics and autonomous well construction to next-generation subsea systems and drilling intelligence, demonstrate how bold ideas are translating into real-world gai…",2026-04-26,0,2026-06-29T16:53:30.094634+00:00,,"SPE event,OTC,awards",OTC To Honor the 2026 Spotlight on New Technology Award Winners,"SPE News,R&D/innovation,Offshore/subsea systems",https://jpt.spe.org/otc-to-honor-the-2026-spotlight-on-new-technology-award-winners
"The US Department of Energy and Pennsylvania Department of Environmental Protection will convert a horizontal Utica Shale gas well into an enhanced geothermal system. Building directly on horizontal drilling and completion practices developed in the Utica, the project will include evaluation of optimal well orientation, lateral placement, and spacing.",2026-04-27,0,2026-06-29T16:53:30.195667+00:00,,"enhanced geothermal system,horizontal wells,Utica shale,Pennsylvania,US,US Department of Energy,stimulation,shale gas",Utica Shale Targeted for $14 Million Enhanced Geothermal Systems Demonstration,"Geothermal energy,R&D/innovation,Unconventional/complex reservoirs",https://jpt.spe.org/utica-shale-targeted-for-14-million-enhanced-geothermal-systems-demonstration
"A Dallas Fed survey update suggests few executives foresee a strong US production response, even with oil prices above $90/bbl.",2026-04-28,0,2026-06-29T16:53:30.635556+00:00,,"Middle East,US,Israel,Iran,oil prices,Federal Reserve Bank",Energy Executives Temper US Oil Growth Expectations Despite Higher Prices,"Business/economics,Production",https://jpt.spe.org/energy-executives-temper-us-oil-growth-expectations-despite-higher-prices
Three wind projects planned to produce around 300 MW have entered the execution phase under a partnership with OMV Petrom and RNV Infrastructure.,2026-04-28,0,2026-06-29T16:53:30.964402+00:00,,"Romania,wind power,energy transition,energy mix,FID",Wind Projects Pick Up in Romania,"Energy transition,Field/project development",https://jpt.spe.org/wind-projects-pick-up-in-romania
"Saipem can begin early subsea engineering on ExxonMobil’s Longtail project in Guyana under a Limited Notice to Proceed, while the operator awaits final investment decision and government sign-off.",2026-04-29,0,2026-06-29T16:53:31.342911+00:00,,"Guyana,ExxonMobil,Saipem,South America",ExxonMobil Green-Lights Saipem EPCI Work on Guyana’s Longtail Field,"Offshore/subsea systems,Pipelines/flowlines/risers,Field/project development,Business/economics",https://jpt.spe.org/exxonmobil-green-lights-saipem-epci-work-on-guyanas-longtail-field
"After tracking ARC Resources for more than 2 years, Shell is buying the company to access its tier-one Montney assets.",2026-04-29,0,2026-06-29T16:53:31.760192+00:00,,"acquisitions and divestitures,Alberta,British Columbia,Canada,LNG,Montney formation,Shell",Shell Makes $16.4 Billion Bet on Montney,"Asset/portfolio management,Business/economics,LNG,Unconventional/complex reservoirs",https://jpt.spe.org/shell-makes-16-4-billion-bet-on-montney
The companies also agreed to collaborate on new AI models to unlock further insights from S&P Global Energy’s upstream data.,2026-04-29,0,2026-06-29T16:53:32.056449+00:00,,"SLB,data science,data analytics,acquisitions and divestitures,artificial intelligence",SLB Acquires S&P Global Energy’s Upstream Software Portfolio,"Data & Analytics,Asset Management,AI/machine learning,Business/economics",https://jpt.spe.org/slb-acquires-s-p-global-energys-upstream-software-portfolio
The oilfield service company said its emissions reductions are thanks in part to the increased use of renewable energy and operation efficiencies.,2026-04-30,0,2026-06-29T16:53:32.370962+00:00,,"Baker Hughes,emission reductions,renewable energy,greenhouse gases,sustainability",Baker Hughes Drops Scope 1 and 2 Emissions by Almost 40%,"HSE & Sustainability,Business/economics",https://jpt.spe.org/baker-hughes-drops-scope-1-and-2-emissions-by-almost-40
An asset swap with PDVSA helps consolidate the supermajor’s heavy-oil operations in the country.,2026-04-14,0,2026-06-29T16:53:32.790195+00:00,,"Chevron,Venezuela,heavy oil,Latin America,PDVSA",Chevron Adjusts Its Heavy-Oil Position in Venezuela,"Asset Management,Business/economics,Unconventional/complex reservoirs",https://jpt.spe.org/chevron-adjusts-its-heavy-oil-position-in-venezuela
"The gap between machine learning research and effective deployment in the oil and gas industry is an alignment challenge between research questions and real decisions, between model design and operational constraints, and between innovation and the people expected to use it.",2026-04-15,0,2026-06-29T16:53:33.484890+00:00,,"machine learning,artificial intelligence",From Machine Learning Research to Impactful Solutions in Oil and Gas: A Catalyst for Innovation,AI/machine learning,https://jpt.spe.org/from-machine-learning-research-to-impactful-solutions-in-oil-and-gas-a-catalyst-for-innovation
The deal includes Waygate’s inspection portfolios and is expected to close later this year.,2026-04-16,0,2026-06-29T16:53:33.692619+00:00,,"Baker Hughes,inspections,acquisitions and divestitures",Baker Hughes Sells Waygate to Hexagon for $1.45B,"Inspection/maintenance,Asset/portfolio management,Business/economics",https://jpt.spe.org/baker-hughes-sells-waygate-to-hexagon-for-1-45b
"Artificial intelligence is prompting oil and gas companies to redefine roles, rethink trust, and rework operations, experts said during CERAWeek.",2026-04-17,0,2026-06-29T16:53:34.046403+00:00,,"artificial intelligence,Accenture,US Department of Energy,ABB,ExxonMobil",AI Spectrum: Companies Approach Adoption at Different Speeds,"AI/machine learning,Data & Analytics",https://jpt.spe.org/ai-spectrum-companies-approach-adoption-at-different-speeds
"Sulzer and JSIL are teaming up to provide the service for oil and gas, power generation, and industrial operations.",2026-04-19,0,2026-06-29T16:53:34.476744+00:00,,"Libya,North Africa,Sulzer",Joint Venture Targets Rotating Equipment Service in Libya,"Inspection/maintenance,Onshore/Offshore Facilities,Business/economics",https://jpt.spe.org/joint-venture-targets-rotating-equipment-service-in-libya
War‑related infrastructure damage is beginning to influence global energy supply chains in ways that could reshape project development and capacity growth.,2026-04-20,0,2026-06-29T16:53:34.894081+00:00,,"Qatar,QatarEnergy,Iran,LNG,Middle East,supply chain",War Damage Reshapes Global Energy Supply Chains and Project Economics,"Business/economics,Risk management,Inspection/maintenance,LNG,Onshore/Offshore Facilities,Midstream,Processing systems/design",https://jpt.spe.org/war-damage-reshapes-global-energy-supply-chains-and-project-economics
"This article from the SPE Sustainable Development Technical Section (SDTS) explores how the next phase of methane performance will be defined less by pledges and more by measurement, response, and verifiable results.",2026-04-20,0,2026-06-29T16:53:35.247477+00:00,,"Technical Section Editorial,methane emissions,methane,regulations,Europe,Canada,SPE News","From Mandate to Momentum: Methane Regulation, Measurement, and Market Opportunity","HSE & Sustainability,Environment,Risk management,Emission management,SPE News",https://jpt.spe.org/from-mandate-to-momentum-methane-regulation-measurement-and-market-opportunity
"No injuries were reported, and work has been suspended on the North Sea rig while the BOP is recovered.",2026-04-21,0,2026-06-29T16:53:35.601943+00:00,,"safety,HSE,blowout preventer,North Sea,Norwegian Continental Shelf,drilling rigs,offshore,Equinor",Odfjell Drilling Investigates BOP Incident on Deepsea Atlantic Rig,HSE & Sustainability,https://jpt.spe.org/odfjell-drilling-investigates-bop-incident-on-deepsea-atlantic-rig
A memorandum of understanding between the companies targets technical services for safety and performance across Egypt’s onshore and offshore assets.,2026-04-21,0,2026-06-29T16:53:35.987693+00:00,,"Egypt,North Africa,HSE,safety,environment,decarbonization","PetroSafe, ABL Group Agree To Work Together in Egypt","HSE & Sustainability,Asset/portfolio management",https://jpt.spe.org/petrosafe-abl-group-agree-to-work-together-in-egypt
"The companies have released the Event Learning Taxonomy CLUE, which aims to improve the understanding of incidents beyond individual blame and toward clearer reporting and increased learning.",2026-04-22,0,2026-06-29T16:53:36.384524+00:00,,"DNV,Equinor,safety,health,environment,HSE","DNV, Equinor Team Up on New Incident Taxonomy",HSE & Sustainability,https://jpt.spe.org/dnv-equinor-team-up-on-new-incident-taxonomy
"Fervo Energy and Vallourec have signed a 5‑year supply agreement to support large‑scale deployment of next‑generation geothermal across the US, establishing a fully domestic supply chain for geothermal well components.",2026-04-22,0,2026-06-29T16:53:36.732734+00:00,,"supply chain,oil country tubular goods,Vallourec,Fervo",Fervo Energy and Vallourec Sign 5-Year Deal To Scale US Geothermal Projects,"Geothermal energy,Business/economics",https://jpt.spe.org/fervo-energy-and-vallourec-sign-5-year-deal-to-scale-us-geothermal-projects
"An investigative study examines the use of creeping shale formations as a more durable alternative to conventional cement barriers in carbon dioxide storage wells, potentially enabling safer long-term underground carbon storage.",2026-04-23,0,2026-06-29T16:53:37.099537+00:00,,"carbon capture and storage,greenhouse gases,emissions,zonal isolation",Long-Term Annular Sealing of Carbon Dioxide Injection and Storage Wells Using Shale Barriers,"Casing/cementing/zonal isolation,Carbon capture and storage,HSE & Sustainability",https://jpt.spe.org/long-term-annular-sealing-of-carbon-dioxide-injection-and-storage-wells-using-shale-barriers
"The North Sea project, which is sending production to the nearby Ivar Aasen platform, came online 9 months ahead of schedule.",2026-04-08,0,2026-06-29T16:53:37.477336+00:00,,"Aker BP,North Sea,Norway,offshore,subsea,tiebacks,Halliburton",Aker BP’s Symra Subsea Tieback Goes Onstream,"Field/project development,Offshore/subsea systems,Onshore/Offshore Facilities",https://jpt.spe.org/aker-bps-symra-subsea-tieback-goes-onstream
"The ASEAN Council of Petroleum and Energy and SPE have taken a step toward deeper regional collaboration, formalizing a Memorandum of Cooperation at OTC Asia 2026. The agreement signals a shared commitment to advancing energy security, sustainability, and technical excellence across ASEAN through expanded knowledge exchange and workforce development.",2026-04-08,0,2026-06-29T16:53:37.709468+00:00,,"SPE event,Asia Pacific,Malaysia,innovation,professional development,sustainability,Petronas,Pertamina",ASCOPE and SPE Sign Memorandum of Cooperation To Strengthen Regional Energy Collaboration,"SPE News,Business/economics",https://jpt.spe.org/ascope-and-spe-sign-memorandum-of-cooperation-to-strengthen-regional-energy-collaboration
Analysts weigh near‑term risks for Middle East oil and gas producers after a tentative 2‑week ceasefire between the US‑Israeli coalition and Iran.,2026-04-08,0,2026-06-29T16:53:38.178569+00:00,,"Wood Mackenzie,Rystad Energy,Strait of Hormuz,Middle East,US,Israel,Iran,shut-ins,QatarEnergy,LNG",Analysts Reevaluate Middle East Upstream Risks After Ceasefire,"Business/economics,Onshore/Offshore Facilities,Production,Reservoir,Risk management",https://jpt.spe.org/analysts-reevaluate-middle-east-upstream-risks-after-ceasefire
"Technology and partnerships remain important, while phased approaches may supplant lengthy appraisal programs, experts said during CERAWeek.",2026-04-09,0,2026-06-29T16:53:38.482837+00:00,,"artificial intelligence,Eni,Equinor,ExxonMobil,Occidental Petroleum,SLB,TotalEnergies",Operators Refine Exploration and Development Strategies,"Mature fields,AI/machine learning,Business/economics,Data & Analytics,Enhanced recovery,Exploration/discoveries",https://jpt.spe.org/operators-refine-exploration-and-development-strategies
Thermal stimulation can accelerate the formation of shale creep barriers for long-term well integrity but only within a carefully controlled temperature window. This study identifies optimal thermal conditions for maximizing barrier performance while avoiding thermally induced shale damage.,2026-04-09,0,2026-06-29T16:53:38.964169+00:00,,"well control,shale,North Sea",Thermal Stimulation of Annular Shale Barriers for Long-Term Well Integrity,Casing/cementing/zonal isolation,https://jpt.spe.org/thermal-stimulation-of-annular-shale-barriers-for-long-term-well-integrity
ExxonMobil will retain its equity stakes in ongoing Bass Strait projects even as it hands off its operatorship responsibilities to Woodside Energy.,2026-04-10,0,2026-06-29T16:53:39.348280+00:00,,"Australia,ExxonMobil,Woodside Energy",ExxonMobil Starts Drilling at Australia’s Turrum Phase 3 in Gippsland Basin,"Drilling,Business/economics,Field/project development,Mature fields",https://jpt.spe.org/exxonmobil-starts-drilling-at-australias-turrum-phase-3-in-gippsland-basin
"While Uzbekistan has seen a significant drop in flaring, methane leaks from deteriorating infrastructure continue to reveal themselves to satellites in space.",2026-04-10,0,2026-06-29T16:53:39.778668+00:00,,"gas transmission,World Bank,methane emissions,flaring",World Bank Grant To Fund Upgrade of Uzbekistan’s Gas Network,"Pipelines/flowlines/risers,Midstream,Emission management,Business/economics",https://jpt.spe.org/world-bank-grant-to-fund-upgrade-of-uzbekistans-gas-network
"Agreements create long-term frameworks to advance offshore Suriname developments, aiming to streamline project delivery, reduce costs, and accelerate field development through early integration across the project life cycle.",2026-04-11,0,2026-06-29T16:53:40.113186+00:00,,"Halliburton,offshore,subsea,Subsea7,Petronas,SLB,Suriname,Valaris,South America","Petronas To Collaborate With Halliburton, Valaris, Subsea Integration Alliance","Business/economics,Field/project development",https://jpt.spe.org/petronas-to-collaborate-with-halliburton-valaris-subsea-integration-alliance
"Follow JPT on LinkedIn for must‑read articles, timely industry news, and expert perspectives—your quick, reliable way to stay connected to the ideas shaping the future of energy.",2026-04-12,0,2026-06-29T16:53:40.516664+00:00,,SPE News,Stay Connected With JPT on LinkedIn,SPE News,https://jpt.spe.org/stay-connected-with-jpt-on-linkedin
The Orange Basin and Gulf of Guinea will see most of the high-impact drilling activity planned this year in Africa.,2026-04-13,0,2026-06-29T16:53:40.942973+00:00,,"Africa,West Africa,South Africa,Shell,QatarEnergy,TotalEnergies,Eni,BP,Murphy Oil,TPAO,Orange basin,Namibia,Guinea",Africa Remains Global Hot Spot for High-Impact Wildcat Drilling,"Business/economics,Exploration/discoveries,Field/project development,Reservoir,Drilling,Asset/portfolio management",https://jpt.spe.org/africa-remains-global-hot-spot-for-high-impact-wildcat-drilling
The multiyear contract with YPF includes electric pumping units and automated stimulation services.,2026-04-13,0,2026-06-29T16:53:41.215780+00:00,,"Halliburton,Vaca Muerta shale,YPF,Argentina,automation,hydraulic fracturing,e-fleet,South America",Halliburton Wins Multibillion-Dollar Vaca Muerta Completions Contract,"Completions,Unconventional/complex reservoirs,Fracturing/pressure pumping,Business/economics",https://jpt.spe.org/halliburton-wins-multibillion-dollar-vaca-muerta-completions-contract
Co-owner Chevron confirmed the find at the Bandit prospect offshore Louisiana and suggested it may become a subsea tieback to existing faciltiies operated by Occidental Petroleum.,2026-04-14,0,2026-06-29T16:53:41.676204+00:00,,"Occidental Petroleum,Chevron,Woodside Energy,Westwood Global Energy Group,discovery,Gulf of Mexico,Valaris,Louisiana,offshore",Oxy Announces Discovery in US Gulf,"Exploration/discoveries,Drilling,Reservoir",https://jpt.spe.org/oxy-announces-discovery-in-us-gulf
