source,company_name,title,url,excerpt,published_date,scraped_at
OilPrice,Equinor,Equinor Doubles 2026 Buyback and Bets on Higher Oil and Gas Demand,https://oilprice.com/Company-News/Equinor-Doubles-2026-Buyback-and-Bets-on-Higher-Oil-and-Gas-Demand.html,"Equinor has unveiled a new long-term strategy focused on expanding oil and gas production, increasing shareholder distributions, and delivering stronger cash flow through the end of the decade,…",2026-06-16,2026-06-17T16:56:04.202112+00:00
OilPrice,Santos,Santos Appoints Former Quadrant Energy Chair Kate Vidgen to Board,https://oilprice.com/Company-News/Santos-Appoints-Former-Quadrant-Energy-Chair-Kate-Vidgen-to-Board.html,"Santos has appointed Kate Vidgen as an independent non-executive director, effective June 17, 2026, as the Australian energy producer continues to strengthen its board with executives experienced in…",2026-06-16,2026-06-17T16:56:04.203102+00:00
OilPrice,Chevron & HELLENiQ ENERGY,Chevron Takes 70% Interest in Greek Offshore Exploration Block,https://oilprice.com/Company-News/Chevron-Takes-70-Interest-in-Greek-Offshore-Exploration-Block.html,"Chevron has expanded its offshore exploration footprint in Greece after agreeing to acquire a majority stake in Block 10, an offshore concession in the Southern Ionian…",2026-06-16,2026-06-17T16:56:04.203586+00:00
OilPrice,Southern Company,NRC Extends Plant Hatch Nuclear Licenses Through the 2050s,https://oilprice.com/Company-News/NRC-Extends-Plant-Hatch-Nuclear-Licenses-Through-the-2050s.html,"The U.S. Nuclear Regulatory Commission (NRC) has granted a subsequent 20-year operating license renewal for Georgia's Edwin I. Hatch Nuclear Plant, extending the life of Unit 1 through…",2026-06-16,2026-06-17T16:56:04.204072+00:00
OilPrice,Amazon,Amazon Unveils Multibillion-Dollar Missouri Data Center Investment,https://oilprice.com/Company-News/Amazon-Unveils-Multibillion-Dollar-Missouri-Data-Center-Investment.html,"Amazon announced plans on Monday to invest several billion dollars in a new data center campus in Montgomery County, Missouri, marking one of the latest major U.S. data…",2026-06-16,2026-06-17T16:56:04.204517+00:00
OilPrice,Karoon Energy,Karoon Cuts 2026 Output Forecast After Gulf of Mexico Production Setback,https://oilprice.com/Company-News/Karoon-Cuts-2026-Output-Forecast-After-Gulf-of-Mexico-Production-Setback.html,Karoon Energy has lowered its 2026 production outlook after its U.S. Gulf of Mexico partner advised that production from the Who Dat field's E manifold will not be…,2026-06-15,2026-06-17T16:56:04.204916+00:00
OilPrice,LKAB,LKAB Secures Green Light for Fossil-Free Iron and Rare Earths Development,https://oilprice.com/Company-News/LKAB-Secures-Green-Light-for-Fossil-Free-Iron-and-Rare-Earths-Development.html,Sweden’s Land and Environmental Court has granted LKAB an environmental permit covering continued and expanded mining and processing at Malmberget in Gällivare. The ruling also allows the company…,2026-06-15,2026-06-17T16:56:04.205303+00:00
OilPrice,EQNR,Equinor Advances Johan Sverdrup Phase 4 After New Oil Discoveries,https://oilprice.com/Company-News/Equinor-Advances-Johan-Sverdrup-Phase-4-After-New-Oil-Discoveries.html,Equinor and its partners are moving forward with plans for a fourth development phase at the giant Johan Sverdrup field after recent appraisal drilling confirmed additional recoverable resources…,2026-06-15,2026-06-17T16:56:04.205743+00:00
OilPrice,"Woodside Energy, Exxon Mobil",Woodside Denies Exxon Deal Talks Amid Takeover Speculation,https://oilprice.com/Company-News/Woodside-Denies-Exxon-Deal-Talks-Amid-Takeover-Speculation.html,"Woodside Energy has moved to quell market speculation, stating it is not aware of any proposal from Exxon Mobil and is not engaged in discussions regarding a potential…",2026-06-14,2026-06-17T16:56:04.206140+00:00
OilPrice,Cypress Creek Energy,Cypress Creek Secures $3.5 Billion for Massive Arkansas Solar-Storage Hub,https://oilprice.com/Company-News/Cypress-Creek-Secures-35-Billion-for-Massive-Arkansas-Solar-Storage-Hub.html,"Cypress Creek Energy has reached financial close on the first two phases of its Steel River Energy Center in Arkansas, securing $3.5 billion in financing to support construction and long-term…",2026-06-11,2026-06-17T16:56:04.206531+00:00
OilPrice,Woodside Energy,Woodside Boosts Browse Stake by Exercising Pre-Emption Rights,https://oilprice.com/Company-News/Woodside-Boosts-Browse-Stake-by-Exercising-Pre-Emption-Rights.html,"Woodside Energy has exercised its pre-emption rights to acquire PetroChina International Investment (Australia) Pty Ltd.'s 10.67% participating interest in the Browse Joint Venture, effectively matching a previously announced…",2026-06-11,2026-06-17T16:56:04.206934+00:00
OilPrice,Twelve,Twelve Launches First U.S. Commercial E-Jet Fuel Plant,https://oilprice.com/Company-News/Twelve-Launches-First-US-Commercial-E-Jet-Fuel-Plant.html,"Twelve has started commercial operations at AirPlant One in Washington state, the first U.S. facility producing power-to-liquid sustainable aviation fuel and e-naphtha from captured carbon dioxide, water, and…",2026-06-11,2026-06-17T16:56:04.207293+00:00
OilPrice,Petrobras,Petrobras Buys 50% Stake in Campos Basin Exploration Block,https://oilprice.com/Company-News/Petrobras-Buys-50-Stake-in-Campos-Basin-Exploration-Block.html,Petrobras will take a 50% stake in the Itaimbezinho block in Brazil’s Campos Basin under an agreement with Equinor Brasil Energia. Equinor will retain a 50% interest and…,2026-06-10,2026-06-17T16:56:04.207683+00:00
OilPrice,Sempra Infrastructure,Sempra Brings Key Gulf Coast Gas Pipeline Online for Port Arthur LNG,https://oilprice.com/Company-News/Sempra-Brings-Key-Gulf-Coast-Gas-Pipeline-Online-for-Port-Arthur-LNG.html,"Sempra Infrastructure has completed and placed into service the Port Arthur Pipeline Louisiana Connector, a major natural gas transportation project designed to support its growing LNG export operations…",2026-06-10,2026-06-17T16:56:04.208072+00:00
OilPrice,EDP Renewables,EDP Renewables and SRP Complete Arizona’s Largest Battery Storage Project,https://oilprice.com/Company-News/EDP-Renewables-and-SRP-Complete-Arizonas-Largest-Battery-Storage-Project.html,"EDP Renewables North America and Arizona utility Salt River Project have commissioned the Flatland Energy Storage facility in Coolidge, Arizona, bringing online a 200 MW/800 MWh battery energy…",2026-06-10,2026-06-17T16:56:04.208474+00:00
OilPrice,General Motors,GM Expands Into Grid Storage and Vehicle-to-Grid Energy Networks,https://oilprice.com/Company-News/GM-Expands-Into-Grid-Storage-and-Vehicle-to-Grid-Energy-Networks.html,"General Motors is expanding beyond electric vehicles and into broader energy infrastructure, unveiling plans to deploy vehicle-to-grid technology, sodium-ion battery storage, and second-life battery systems as part of…",2026-06-10,2026-06-17T16:56:04.208832+00:00
OilPrice,Devon Energy,Devon Targets $1 Billion Synergies After Coterra Merger,https://oilprice.com/Company-News/Devon-Targets-1-Billion-Synergies-After-Coterra-Merger.html,"Devon Energy unveiled its first outlook as a combined company following the completion of its merger with Coterra Energy, projecting 2026 production of approximately 1.38 million barrels of…",2026-06-09,2026-06-17T16:56:04.209180+00:00
OilPrice,Aker BP,Aker BP Gains Larger Stake in Johan Sverdrup After Redetermination,https://oilprice.com/Company-News/Aker-BP-Gains-Larger-Stake-in-Johan-Sverdrup-After-Redetermination.html,…,2026-06-09,2026-06-17T16:56:04.209551+00:00
OilPrice,Technip Energies,Technip Energies Wins Major Coral Norte FLNG Contract,https://oilprice.com/Company-News/Technip-Energies-Wins-Major-Coral-Norte-FLNG-Contract.html,"Technip Energies has secured a major EPCIC contract for the Coral Norte FLNG project offshore Mozambique, reinforcing the country’s emergence as a major African LNG producer. Technip Energies,…",2026-06-08,2026-06-17T16:56:04.209902+00:00
OilPrice,Uniper,Uniper Targets Canadian LNG Supply Deal With Ksi Lisims,https://oilprice.com/Company-News/Uniper-Targets-Canadian-LNG-Supply-Deal-With-Ksi-Lisims.html,Uniper has signed a letter of interest to buy 2 million tonnes per year of LNG from Canada’s planned Ksi Lisims LNG export project. The two…,2026-06-08,2026-06-17T16:56:04.210274+00:00
OilPrice,"Eni, Petronas",Eni and Petronas Launch Southeast Asia Gas Venture Searah,https://oilprice.com/Company-News/Eni-and-Petronas-Launch-Southeast-Asia-Gas-Venture-Searah.html,…,2026-06-08,2026-06-17T16:56:04.604867+00:00
OilPrice,Duke Energy,Duke Energy Urges Customers to Cut Power Use as Carolinas Heat Wave Hits,https://oilprice.com/Company-News/Duke-Energy-Urges-Customers-to-Cut-Power-Use-as-Carolinas-Heat-Wave-Hits.html,"As a stretch of hot weather settles over the Carolinas, Duke Energy is urging residential customers to adopt energy-saving measures to help manage electricity consumption and keep utility…",2026-06-07,2026-06-17T16:56:04.605414+00:00
OilPrice,Sonatrach,Sonatrach Targets Niger Expansion With New Drilling and Seismic Deals,https://oilprice.com/Company-News/Sonatrach-Targets-Niger-Expansion-With-New-Drilling-and-Seismic-Deals.html,Algeria’s state energy giant Sonatrach and Niger’s state-owned petroleum company SONIDEP have signed…,2026-06-04,2026-06-17T16:56:04.605933+00:00
OilPrice,Delfin Midstream,Delfin Approves $5 Billion FID for First U.S. Floating LNG Export Vessel,https://oilprice.com/Company-News/Delfin-Approves-5-Billion-FID-for-First-US-Floating-LNG-Export-Vessel.html,"Delfin Midstream has sanctioned the first phase of its Louisiana-based LNG export project, taking a final investment decision (FID) on a $5 billion floating liquefied natural gas (FLNG)…",2026-06-03,2026-06-17T16:56:04.606320+00:00
OilPrice,Codelco,Codelco Names Jorge Gómez as New CEO,https://oilprice.com/Company-News/Codelco-Names-Jorge-Gmez-as-New-CEO.html,"Chile's state-owned copper producer Codelco has named Jorge Gómez as its new chief executive officer, tapping one of the country's most experienced mining executives to lead the company…",2026-06-03,2026-06-17T16:56:04.606715+00:00
OilPrice,TransAlta Corp.,TransAlta to Buy Colorado Gas Plants in $1 Billion Deal,https://oilprice.com/Company-News/TransAlta-to-Buy-Colorado-Gas-Plants-in-1-Billion-Deal.html,"TransAlta Corp. is expanding its U.S. footprint through a $1 billion acquisition of two natural gas-fired peaking facilities in Colorado, strengthening its position in the Western U.S. power…",2026-06-03,2026-06-17T16:56:04.607084+00:00
OilPrice,TETRA Technologies,TETRA Prices $100 Million Stock Offering to Fund Arkansas Bromine Project,https://oilprice.com/Company-News/TETRA-Prices-100-Million-Stock-Offering-to-Fund-Arkansas-Bromine-Project.html,"TETRA Technologies has launched a public equity offering aimed at raising approximately $100 million to help fund strategic growth initiatives, including the development of its Arkansas bromine project.…",2026-06-03,2026-06-17T16:56:04.607462+00:00
OilPrice,Urenco USA,Urenco to Boost U.S. Uranium Enrichment Capacity by Nearly 50%,https://oilprice.com/Company-News/Urenco-to-Boost-US-Uranium-Enrichment-Capacity-by-Nearly-50.html,"Urenco USA has announced plans for a major expansion of the National Enrichment Facility in Eunice, New Mexico, committing a multi-billion-dollar investment to increase uranium enrichment capacity by nearly…",2026-06-02,2026-06-17T16:56:04.607819+00:00
OilPrice,"INEOS Group, Marubeni Corporation",INEOS Expands LNG Business Into Asia With Marubeni Supply Deal,https://oilprice.com/Company-News/INEOS-Expands-LNG-Business-Into-Asia-With-Marubeni-Supply-Deal.html,…,2026-06-02,2026-06-17T16:56:04.608159+00:00
OilPrice,Generac Holdings,Generac Lands Global Backup Power Deal With Major Data Center Operator,https://oilprice.com/Company-News/Generac-Lands-Global-Backup-Power-Deal-With-Major-Data-Center-Operator.html,"Generac Holdings has secured a global supply agreement with a major hyperscale data center operator, marking a significant win for the company's expanding commercial and industrial power business…",2026-06-02,2026-06-17T16:56:04.608566+00:00
OilPrice,SEG Solar,SEG Solar Plans Third Texas Factory as It Targets 10.6 GW U.S. Capacity,https://oilprice.com/Company-News/SEG-Solar-Plans-Third-Texas-Factory-as-It-Targets-106-GW-US-Capacity.html,"SEG Solar is accelerating its U.S. manufacturing expansion with plans to build a third solar module factory in the Houston area, a move that would raise the company's…",2026-06-01,2026-06-17T16:56:04.608910+00:00
OilPrice,Rosneft,Rosneft Q1 Profit Surges as EBITDA Jumps 37% Despite Market Risks,https://oilprice.com/Company-News/Rosneft-Q1-Profit-Surges-as-EBITDA-Jumps-37-Despite-Market-Risks.html,"Rosneft reported a sharp increase in first-quarter 2026 earnings, driven by higher revenues, stronger operational performance, cost controls, and growing gas production despite ongoing geopolitical and operational challenges.…",2026-06-01,2026-06-17T16:56:04.609263+00:00
OilPrice,Equinor,Equinor Nominates Jarle Roth to Succeed Reinhardsen as Board Chair,https://oilprice.com/Company-News/Equinor-Nominates-Jarle-Roth-to-Succeed-Reinhardsen-as-Board-Chair.html,"Equinor's nomination committee has recommended that the company's corporate assembly elect Jarle Roth as the new chairman of the board, marking a significant leadership transition at Norway's state-controlled…",2026-06-01,2026-06-17T16:56:04.609628+00:00
OilPrice,Petrobras,Petrobras Cuts Diesel Price as Brazil Subsidy Takes Effect,https://oilprice.com/Company-News/Petrobras-Cuts-Diesel-Price-as-Brazil-Subsidy-Takes-Effect.html,Petrobras said its average diesel A sales price to distributors will fall from R$3.65 to R$3.30 per liter starting June 1. The cut reflects a federal subsidy of…,2026-05-31,2026-06-17T16:56:04.609966+00:00
OilPrice,Eni,Eni Bets €55 Million on Italian Battery Supply Chain Expansion,https://oilprice.com/Company-News/Eni-Bets-55-Million-on-Italian-Battery-Supply-Chain-Expansion.html,"Eni is expanding its push into battery manufacturing and energy storage through a new partnership with Italy's Seri Industrial, as Europe races to build a domestic battery supply…",2026-05-29,2026-06-17T16:56:04.610312+00:00
OilPrice,Georgia Power,Georgia Power Customers to See Lower Bills After PSC Rate Vote,https://oilprice.com/Company-News/Georgia-Power-Customers-to-See-Lower-Bills-After-PSC-Rate-Vote.html,"The Georgia Public Service Commission has approved a rate plan that will reduce overall customer rates for Georgia Power, cutting the typical residential bill by about $4.04 per month,…",2026-05-29,2026-06-17T16:56:04.610691+00:00
OilPrice,"EDF, Mistral AI",EDF and Mistral Partner to Bring Sovereign AI to Nuclear Power,https://oilprice.com/Company-News/EDF-and-Mistral-Partner-to-Bring-Sovereign-AI-to-Nuclear-Power.html,"EDF and Mistral AI will collaborate on AI tools designed for EDF’s nuclear operations, including conversational agents that can search technical knowledge from France’s nuclear fleet and construction sites.…",2026-05-28,2026-06-17T16:56:04.611034+00:00
OilPrice,TotalEnergies,TotalEnergies Advances France’s Largest Offshore Wind Project,https://oilprice.com/Company-News/TotalEnergies-Advances-Frances-Largest-Offshore-Wind-Project.html,…,2026-05-28,2026-06-17T16:56:04.611435+00:00
OilPrice,"Ksi Lisims LNG, SEFE",Ksi Lisims LNG Signs 20-Year Supply Deal With Germany’s SEFE,https://oilprice.com/Company-News/Ksi-Lisims-LNG-Signs-20-Year-Supply-Deal-With-Germanys-SEFE.html,"Ksi Lisims LNG has reached a preliminary long-term supply agreement with Germany’s state-owned energy company SEFE, marking another step forward for Canada’s ambitions to become a major LNG exporter.…",2026-05-27,2026-06-17T16:56:04.611818+00:00
OilPrice,"LG Energy Solution, DTE Energy",LG Energy Solution and DTE Sign 6-GWh Michigan Battery Storage Deal,https://oilprice.com/Company-News/LG-Energy-Solution-and-DTE-Sign-6-GWh-Michigan-Battery-Storage-Deal.html,LG Energy Solution Vertech has signed an agreement with DTE Energy to supply 6 GWh of battery energy storage systems for eight projects in Michigan. The…,2026-05-27,2026-06-17T16:56:04.992521+00:00
OilPrice,First Energy,FirstEnergy Seeks Ohio Rate Hikes Under New Three-Year Grid Plan,https://oilprice.com/Company-News/FirstEnergy-Seeks-Ohio-Rate-Hikes-Under-New-Three-Year-Grid-Plan.html,FirstEnergy’s Ohio electric utilities have filed a three-year rate plan with state regulators that would fund roughly $800 million annually in grid upgrades while gradually increasing customer bills…,2026-05-27,2026-06-17T16:56:04.993059+00:00
OilPrice,Ecopetrol,Ecopetrol Launches $492 Million Tender Offer for Brava Energia Stake,https://oilprice.com/Company-News/Ecopetrol-Launches-492-Million-Tender-Offer-for-Brava-Energia-Stake.html,"Ecopetrol said its Brazilian subsidiary, Ecopetrol Investimentos do Brasil LTDA, has formally launched a voluntary tender offer on Brazil’s B3 exchange to purchase 116.1 million common shares of…",2026-05-26,2026-06-17T16:56:04.993475+00:00
OilPrice,Clean Max,CleanMax Raises $575 Million for India Renewable Buildout,https://oilprice.com/Company-News/CleanMax-Raises-575-Million-for-India-Renewable-Buildout.html,India’s Clean Max Enviro Energy Solutions Ltd. has raised approximately $575 million through a mix of domestic and international financing facilities to support the development of nearly 1…,2026-05-26,2026-06-17T16:56:04.993854+00:00
OilPrice,BP,BP Ousts Chair Albert Manifold Over Governance Concerns,https://oilprice.com/Company-News/BP-Ousts-Chair-Albert-Manifold-Over-Governance-Concerns.html,"BP has removed Chair Albert Manifold with immediate effect after the board cited serious concerns over governance standards, oversight, and conduct, appointing Ian Tyler as interim chair while…",2026-05-26,2026-06-17T16:56:04.994214+00:00
OilPrice,Santos,Santos Bets on LNG and Alaska Oil to Drive Cash Flow Surge,https://oilprice.com/Company-News/Santos-Bets-on-LNG-and-Alaska-Oil-to-Drive-Cash-Flow-Surge.html,Santos said Tuesday that its recently launched Barossa LNG project and Pikka oil development in Alaska are expected to drive a major increase in free cash flow as…,2026-05-25,2026-06-17T16:56:04.994605+00:00
OilPrice,Saudi Aramco,Aramco Transfers Malaysia Refining Complex to Petronas,https://oilprice.com/Company-News/Aramco-Transfers-Malaysia-Refining-Complex-to-Petronas.html,"Aramco and Petronas have signed an agreement to transfer Aramco’s stakes in Pengerang Refining Company and Pengerang Petrochemical Company to Petronas. The assets, collectively known as PRefChem, are…",2026-05-25,2026-06-17T16:56:04.994956+00:00
OilPrice,Eni,Eni Approves Major Expansion of Ivory Coast’s Biggest Oil Find,https://oilprice.com/Company-News/Eni-Approves-Major-Expansion-of-Ivory-Coasts-Biggest-Oil-Find.html,"Eni and its partners have sanctioned the third phase of the Baleine development offshore Côte d’Ivoire, lifting planned oil output from 60,000 barrels per day to 150,000 bpd…",2026-05-25,2026-06-17T16:56:04.995319+00:00
OilPrice,Devon Energy,Devon Spends $2.6 Billion to Expand Delaware Basin Footprint,https://oilprice.com/Company-News/Devon-Spends-26-Billion-to-Expand-Delaware-Basin-Footprint.html,"Devon Energy said it acquired 16,300 net undeveloped acres in the core of the Delaware Basin in New Mexico for roughly $2.6 billion in a Bureau of Land…",2026-05-21,2026-06-17T16:56:04.995712+00:00
OilPrice,Matador Resources,Matador Expands Delaware Basin Footprint in $1.1 Billion Lease Deal,https://oilprice.com/Company-News/Matador-Expands-Delaware-Basin-Footprint-in-11-Billion-Lease-Deal.html,"Matador Resources said Thursday it had secured 5,154 net undeveloped acres in the “core-of-the-core” of the Delaware Basin through a U.S. Bureau of Land Management lease sale, marking…",2026-05-21,2026-06-17T16:56:04.996108+00:00
OilPrice,Equinor,Equinor and Aker BP Realign Stakes to Boost Norway Output,https://oilprice.com/Company-News/Equinor-and-Aker-BP-Realign-Stakes-to-Boost-Norway-Output.html,"Equinor and Aker BP have struck a strategic collaboration covering selected assets on the Norwegian Continental Shelf, with a series of transactions designed to simplify ownership, align development…",2026-05-21,2026-06-17T16:56:04.996504+00:00
OilPrice,Alphabet,Google Unveils $15 Billion Missouri Data Center Investment,https://oilprice.com/Company-News/Google-Unveils-15-Billion-Missouri-Data-Center-Investment.html,"Alphabet’s Google is investing $15 billion to build new infrastructure in Montgomery County, Missouri, marking one of the largest technology investments in the state’s history as demand for…",2026-05-20,2026-06-17T16:56:04.996860+00:00
OilPrice,"NextEra Energy, Ameren Corporation",MISO Picks Consortium for $1.7 Billion Illinois Grid Buildout,https://oilprice.com/Company-News/MISO-Picks-Consortium-for-17-Billion-Illinois-Grid-Buildout.html,"The Midcontinent Independent System Operator has awarded two major transmission projects to a consortium made up of Ameren Transmission Company of Illinois, GridLiance Heartland, Dairyland Power Cooperative, and…",2026-05-20,2026-06-17T16:56:04.997209+00:00
OilPrice,QatarEnergy,QatarEnergy Expands South America Push With Uruguay Offshore Entry,https://oilprice.com/Company-News/QatarEnergy-Expands-South-America-Push-With-Uruguay-Offshore-Entry.html,"QatarEnergy has acquired interests in three offshore exploration blocks in Uruguay from Shell subsidiary BG International, expanding the Qatari state energy giant’s footprint in South America through partnerships…",2026-05-20,2026-06-17T16:56:04.997581+00:00
OilPrice,Santos,Santos CCS Project Stores 2 Million Tons of CO2,https://oilprice.com/Company-News/Santos-CCS-Project-Stores-2-Million-Tons-of-CO2.html,"Santos said its Moomba carbon capture and storage project in South Australia has reached a major emissions reduction milestone, with 2 million tonnes of CO2e safely and permanently…",2026-05-19,2026-06-17T16:56:04.997930+00:00
OilPrice,Saudi Aramco,Aramco Formally Launches Saudi Arabia’s First Quantum Computer,https://oilprice.com/Company-News/Aramco-Formally-Launches-Saudi-Arabias-First-Quantum-Computer.html,"Saudi Aramco and Pasqal formally inaugurated Saudi Arabia’s first quantum computer on Monday, bringing the Kingdom’s first commercial Quantum Computing as a Service platform into active operation after…",2026-05-19,2026-06-17T16:56:04.998283+00:00
OilPrice,"Ford Energy, EDF",Ford Energy and EDF Sign Major Battery Storage Supply Deal,https://oilprice.com/Company-News/Ford-Energy-and-EDF-Sign-Major-Battery-Storage-Supply-Deal.html,"Ford Energy, a wholly owned subsidiary of Ford Motor Company, has signed a five-year framework agreement with EDF Power Solutions North America that could see EDF procure up…",2026-05-18,2026-06-17T16:56:04.998696+00:00
OilPrice,"Dominion Energy, NextEra Energy",NextEra to Buy Dominion in Landmark U.S. Utility Mega-Merger,https://oilprice.com/Company-News/NextEra-to-Buy-Dominion-in-Landmark-US-Utility-Mega-Merger.html,"NextEra Energy and Dominion Energy on Monday unveiled a blockbuster merger agreement that would create the world’s largest regulated electric utility company by market capitalization, as surging U.S.…",2026-05-18,2026-06-17T16:56:04.999062+00:00
OilPrice,Santos Limited,Santos Starts Oil Production From Alaska’s Pikka Project,https://oilprice.com/Company-News/Santos-Starts-Oil-Production-From-Alaskas-Pikka-Project.html,"Santos has started oil production from the Pikka phase 1, with flows established through the LACT meter into the Pikka sales oil line. The project is expected to…",2026-05-17,2026-06-17T16:56:04.999476+00:00
OilPrice,ADNOC,ADNOC Deepens India Energy Ties With Storage and LPG Deals,https://oilprice.com/Company-News/ADNOC-Deepens-India-Energy-Ties-With-Storage-and-LPG-Deals.html,"ADNOC has signed strategic collaboration agreements with Indian energy partners to expand crude oil, LNG and LPG storage cooperation and deepen LPG supply ties with India.",2026-05-15,2026-06-17T16:56:04.999827+00:00
OilPrice,Fermi America,Fermi Flags AI Power Push as Q1 Loss Widens on Expansion Costs,https://oilprice.com/Company-News/Fermi-Flags-AI-Power-Push-as-Q1-Loss-Widens-on-Expansion-Costs.html,Fermi America said it secured more than 2 gigawatts of power generation capacity and advanced permitting for roughly 11 GW of future development as the company pushes to…,2026-05-14,2026-06-17T16:56:05.468589+00:00
OilPrice,MOL,MOL Expands Hungarian Biogas Plant With New Biomethane Unit,https://oilprice.com/Company-News/MOL-Expands-Hungarian-Biogas-Plant-With-New-Biomethane-Unit.html,Hungarian energy company MOL Group is expanding its Szarvas biogas plant with a new biomethane unit that will allow renewable gas to be fed directly into Hungary’s national…,2026-05-14,2026-06-17T16:56:05.469126+00:00
OilPrice,CEZ,CEZ Raises 2026 Outlook as Middle East Crisis Lifts Power Prices,https://oilprice.com/Company-News/CEZ-Raises-2026-Outlook-as-Middle-East-Crisis-Lifts-Power-Prices.html,"Czech utility giant CEZ raised its full-year 2026 financial outlook after posting first-quarter earnings that beat expectations, buoyed by stronger electricity prices and improved generation volumes tied to…",2026-05-14,2026-06-17T16:56:05.469542+00:00
OilPrice,TotalEnergies,TotalEnergies Expands Egypt Offshore Gas Exploration Partnership,https://oilprice.com/Company-News/TotalEnergies-Expands-Egypt-Offshore-Gas-Exploration-Partnership.html,"TotalEnergies has signed a Memorandum of Understanding with the Egyptian Natural Gas Holding Company to advance offshore exploration efforts in northwestern Egypt, underscoring the country’s ongoing push to…",2026-05-13,2026-06-17T16:56:05.469919+00:00
OilPrice,BP,BP Enters Uzbekistan Gas Exploration Deal With SOCAR and Uzbekneftegaz,https://oilprice.com/Company-News/BP-Enters-Uzbekistan-Gas-Exploration-Deal-With-SOCAR-and-Uzbekneftegaz.html,"BP has signed into a production sharing agreement (PSA) for six oil and gas exploration blocks in Uzbekistan’s North Ustyurt region, marking the company’s first entry into the…",2026-05-13,2026-06-17T16:56:05.470287+00:00
OilPrice,E.ON,E.ON Q1 Profit Rises as German Industrial Demand Strengthens,https://oilprice.com/Company-News/EON-Q1-Profit-Rises-as-German-Industrial-Demand-Strengthens.html,"German utility giant E.ON reported a 2% increase in adjusted group EBITDA for the first quarter, as the company benefited from stronger industrial customer demand in Germany and…",2026-05-13,2026-06-17T16:56:05.470678+00:00
OilPrice,Eni,Eni and MSC Validate HVO Biofuel for Cruise Ship Engines,https://oilprice.com/Company-News/Eni-and-MSC-Validate-HVO-Biofuel-for-Cruise-Ship-Engines.html,"Eni’s Enilive and MSC Cruises tested 100% hydrogenated vegetable oil diesel on one engine aboard the MSC Opera for around 2,000 hours, confirming that the fuel…",2026-05-12,2026-06-17T16:56:05.471033+00:00
OilPrice,Siemens Energy,Siemens Energy Raises FY2026 Outlook After Record Orders Surge,https://oilprice.com/Company-News/Siemens-Energy-Raises-FY2026-Outlook-After-Record-Orders-Surge.html,"Siemens Energy raised its full-year guidance after delivering record second-quarter orders and a sharp increase in profit, underscoring the continued strength of global demand for power generation and…",2026-05-12,2026-06-17T16:56:05.471470+00:00
OilPrice,Petrobras,Petrobras Q1 Profit Falls Despite Record Oil Output,https://oilprice.com/Company-News/Petrobras-Q1-Profit-Falls-Despite-Record-Oil-Output.html,"Brazil’s state-controlled oil producer Petrobras reported first-quarter 2026 net income of 32.7 billion reais ($6.2 billion), down 7.2% from the same period last year despite record oil and…",2026-05-11,2026-06-17T16:56:05.471843+00:00
OilPrice,Santos,Santos Approves Major Gas Expansion Project in Papua New Guinea,https://oilprice.com/Company-News/Santos-Approves-Major-Gas-Expansion-Project-in-Papua-New-Guinea.html,"Santos will invest about $160 million net in a brownfield project linking the Agogo Production Facility to the existing PNG LNG gas pipeline via a new 19-kilometer pipeline,…",2026-05-11,2026-06-17T16:56:05.472190+00:00
OilPrice,Woodside Energy,Woodside Says Browse Could Add Over $100 Billion to Australian Economy,https://oilprice.com/Company-News/Woodside-Says-Browse-Could-Add-Over-100-Billion-to-Australian-Economy.html,Woodside Energy on Monday released a Deloitte Access Economics assessment estimating that the Browse to North West Shelf (NWS) Project could generate a long-term uplift of…,2026-05-11,2026-06-17T16:56:05.472558+00:00
OilPrice,ABB,ABB Commits $200 Million to Expand Europe Grid Equipment Capacity,https://oilprice.com/Company-News/ABB-Commits-200-Million-to-Expand-Europe-Grid-Equipment-Capacity.html,"ABB is investing $200 million across Europe to expand medium-voltage manufacturing capacity and accelerate deployment of next-generation grid technologies as utilities, industries, and data centers ramp up electricity…",2026-05-11,2026-06-17T16:56:05.472910+00:00
OilPrice,Saudi Aramco,Aramco Profit Jumps as Pipeline Ramp-Up Counters Hormuz Disruption,https://oilprice.com/Company-News/Aramco-Profit-Jumps-as-Pipeline-Ramp-Up-Counters-Hormuz-Disruption.html,"Saudi Aramco said adjusted net income rose to $33.6 billion in the first quarter of 2026, up from $26.6 billion a year earlier. Net income climbed to $32.5…",2026-05-10,2026-06-17T16:56:05.473253+00:00
OilPrice,Devon Energy,Devon Launches $8 Billion Buyback After Coterra Merger,https://oilprice.com/Company-News/Devon-Launches-8-Billion-Buyback-After-Coterra-Merger.html,"Devon Energy has approved an $8 billion share repurchase program and increased its quarterly dividend after completing its all-stock merger with Coterra Energy, underscoring confidence in the combined…",2026-05-07,2026-06-17T16:56:05.473616+00:00
OilPrice,Cheniere Energy,Cheniere Raises 2026 Guidance as LNG Exports Hit Record Highs,https://oilprice.com/Company-News/Cheniere-Raises-2026-Guidance-as-LNG-Exports-Hit-Record-Highs.html,"Cheniere Energy raised its full-year 2026 financial guidance after posting record LNG export volumes in the first quarter, underscoring strong global demand and improving margins in an increasingly…",2026-05-07,2026-06-17T16:56:05.473956+00:00
OilPrice,Canadian Natural Resources,Canadian Oil Producers Push for New Pipelines Amid Rising Output,https://oilprice.com/Company-News/Canadian-Oil-Producers-Push-for-New-Pipelines-Amid-Rising-Output.html,,2026-05-07,2026-06-17T16:56:05.474288+00:00
OilPrice,Shell,Shell Boosts Dividend After Strong Q1 Performance,https://oilprice.com/Company-News/Shell-Boosts-Dividend-After-Strong-Q1-Performance.html,"Shell delivered stronger-than-expected first-quarter results on Thursday, supported by resilient trading operations, stronger refining margins, and higher commodity prices, even as global energy markets were shaken by volatility…",2026-05-07,2026-06-17T16:56:05.474648+00:00
OilPrice,Aker BP,Aker BP Q1 Profit Driven by Strong Output and Fast-Tracked Symra Oil,https://oilprice.com/Company-News/Aker-BP-Q1-Profit-Driven-by-Strong-Output-and-Fast-Tracked-Symra-Oil.html,"Aker BP delivered solid first-quarter 2026 results, maintaining stable production while advancing several major offshore developments in Norway’s North Sea. The company reported…",2026-05-07,2026-06-17T16:56:05.475016+00:00
OilPrice,Eni,Eni Shareholders Back €4 Billion Buyback and Confirm New Board,https://oilprice.com/Company-News/Eni-Shareholders-Back-4-Billion-Buyback-and-Confirm-New-Board.html,"Shareholders of Italian energy major Eni approved the company’s 2025 financial statements, a €4 billion share buyback program, and a new slate of directors and auditors at the…",2026-05-06,2026-06-17T16:56:05.475418+00:00
OilPrice,TotalEnergies,TotalEnergies Bets Big on AI With Pangea 5 Supercomputer,https://oilprice.com/Company-News/TotalEnergies-Bets-Big-on-AI-With-Pangea-5-Supercomputer.html,"French energy giant TotalEnergies is ramping up its digital and artificial intelligence capabilities with the launch of Pangea 5, a next-generation supercomputer that will significantly expand the company’s…",2026-05-06,2026-06-17T16:56:05.475857+00:00
OilPrice,Mellitah Oil and Gas Company,Mellitah Advances $1.6 Billion Bouri Gas Project Ahead of Schedule,https://oilprice.com/Company-News/Mellitah-Advances-16-Billion-Bouri-Gas-Project-Ahead-of-Schedule.html,"Mellitah Oil and Gas Company has completed a key phase of its Bouri gas exploitation project ahead of schedule,…",2026-05-06,2026-06-17T16:56:05.975911+00:00
OilPrice,Equinor,Equinor Posts Strong Q1 on Record Output and Higher Energy Prices,https://oilprice.com/Company-News/Equinor-Posts-Strong-Q1-on-Record-Output-and-Higher-Energy-Prices.html,"Equinor on Tuesday reported adjusted operating income of $9.77 billion for the first quarter of 2026, with adjusted net income reaching $3.70 billion, or $1.48 per share. Net…",2026-05-06,2026-06-17T16:56:05.976480+00:00
OilPrice,EOG Resources,EOG Beats Q1 Estimates and Raises Oil Production Outlook,https://oilprice.com/Company-News/EOG-Beats-Q1-Estimates-and-Raises-Oil-Production-Outlook.html,"EOG Resources posted stronger-than-expected first-quarter results on Tuesday, beating Wall Street estimates on both earnings and revenue as higher commodity prices and robust production supported free cash flow…",2026-05-05,2026-06-17T16:56:05.976877+00:00
OilPrice,Devon Energy,Devon Misses Q1 Profit Estimates Ahead of Coterra Merger,https://oilprice.com/Company-News/Devon-Misses-Q1-Profit-Estimates-Ahead-of-Coterra-Merger.html,Devon Energy narrowly missed Wall Street first-quarter earnings estimates while reporting strong oil production and free cash flow ahead of its planned merger with Coterra Energy.,2026-05-05,2026-06-17T16:56:05.977246+00:00
OilPrice,Suncor Energy,Suncor Posts Record Q1 Output and Boosts 2026 Share Buybacks,https://oilprice.com/Company-News/Suncor-Posts-Record-Q1-Output-and-Boosts-2026-Share-Buybacks.html,"Suncor Energy reported stronger first-quarter earnings on Tuesday, driven by record upstream production, refining throughput, and refined product sales as the Canadian integrated oil giant continued ramping up…",2026-05-05,2026-06-17T16:56:05.977638+00:00
OilPrice,Williams Companies,Williams Posts Record Q1 as Gas Strategy Fuels Growth,https://oilprice.com/Company-News/Williams-Posts-Record-Q1-as-Gas-Strategy-Fuels-Growth.html,"Williams Companies delivered record financial results in the first quarter of 2026, underscoring the strength of its natural gas-focused strategy amid rising demand from power generation and data…",2026-05-05,2026-06-17T16:56:05.977996+00:00
OilPrice,Diamondback Energy,Diamondback Energy Lifts Production Guidance After Strong Q1,https://oilprice.com/Company-News/Diamondback-Energy-Lifts-Production-Guidance-After-Strong-Q1.html,"Diamondback Energy announced its first-quarter 2026 financial and operating results, highlighting average oil production of 521 thousand barrels per day and significant capital returns to shareholders.…",2026-05-04,2026-06-17T16:56:05.978414+00:00
OilPrice,ADNOC,ADNOC Plans $55 Billion in Project Awards Through 2028,https://oilprice.com/Company-News/ADNOC-Plans-55-Billion-in-Project-Awards-Through-2028.html,"ADNOC has confirmed plans for AED200 billion, or about $55 billion, in project awards over 2026-2028, reinforcing its five-year capital expenditure program and signaling a major new phase…",2026-05-04,2026-06-17T16:56:05.978772+00:00
OilPrice,TC Energy,TC Energy Posts Strong Q1 and Greenlights $1.5B U.S. Gas Expansion,https://oilprice.com/Company-News/TC-Energy-Posts-Strong-Q1-and-Greenlights-15B-US-Gas-Expansion.html,"TC Energy reported a solid first quarter for 2026, with comparable EBITDA rising 14% year over year to $3.1 billion and comparable earnings edging higher to…",2026-05-03,2026-06-17T16:56:05.979115+00:00
OilPrice,Petrobras,Petrobras Hits Record Output as Refining Gains Reduce Imports,https://oilprice.com/Company-News/Petrobras-Hits-Record-Output-as-Refining-Gains-Reduce-Imports.html,"Brazil’s state-controlled oil giant Petrobras delivered record upstream production and stronger downstream performance in the first quarter of 2026, underscoring the company’s continued operational momentum across its core…",2026-04-30,2026-06-17T16:56:05.979492+00:00
OilPrice,Valero Energy Corporation,Valero Swings to Profit on Strong Refining Margins in Q1,https://oilprice.com/Company-News/Valero-Swings-to-Profit-on-Strong-Refining-Margins-in-Q1.html,"Valero Energy Corporation posted a strong turnaround in first-quarter 2026 earnings, as robust refining margins and improved operational performance lifted the U.S. downstream giant back into profitability.",2026-04-30,2026-06-17T16:56:05.979836+00:00
OilPrice,ConocoPhillips,ConocoPhillips Earnings Slip as Output Falls,https://oilprice.com/Company-News/ConocoPhillips-Earnings-Slip-as-Output-Falls.html,"ConocoPhillips posted first-quarter 2026 earnings of $2.2 billion, down from $2.8 billion a year earlier, as weaker realized prices and lower volumes offset cost improvements. Adjusted earnings also…",2026-04-30,2026-06-17T16:56:05.980172+00:00
OilPrice,Oranto Petroleum,South Sudan Declines to Renew Oranto’s Block B3 License,https://oilprice.com/Company-News/South-Sudan-Declines-to-Renew-Orantos-Block-B3-License.html,The Ministry of Petroleum of the Republic of South Sudan has announced that it will not renew the Exploration and Production Sharing Agreement (EPSA) held by Oranto Petroleum for Block…,2026-04-30,2026-06-17T16:56:05.980552+00:00
OilPrice,JAPEX,JAPEX Targets Long-Term Value With Norwegian Shelf Expansion,https://oilprice.com/Company-News/JAPEX-Targets-Long-Term-Value-With-Norwegian-Shelf-Expansion.html,"Japanese energy major Japan Petroleum Exploration Co., Ltd. (JAPEX) is strengthening its long-term commitment to the Norwegian Continental Shelf through its wholly owned subsidiary, JAPEX Norge. Backed by a clear…",2026-04-30,2026-06-17T16:56:05.980918+00:00
OilPrice,Fermi Inc.,Fermi Names Rob Masson Interim CFO as AI Power Campus Push Advances,https://oilprice.com/Company-News/Fermi-Names-Rob-Masson-Interim-CFO-as-AI-Power-Campus-Push-Advances.html,"Fermi Inc., operating as Fermi America, has named Rob L. Masson II as interim chief financial officer, bringing in a finance executive with public-company CFO, board, and capital…",2026-04-30,2026-06-17T16:56:05.981268+00:00
OilPrice,ENGIE,Belgium Moves to Take Control of Engie’s Nuclear Fleet,https://oilprice.com/Company-News/Belgium-Moves-to-Take-Control-of-Engies-Nuclear-Fleet.html,"Belgium has taken a decisive step toward reshaping its energy system, entering exclusive negotiations with ENGIE to acquire the company’s entire nuclear portfolio in the country.",2026-04-30,2026-06-17T16:56:05.981674+00:00
OilPrice,LG Energy Solution,LG Energy Solution Swings to Q1 Loss Despite Rising Battery Demand,https://oilprice.com/Company-News/LG-Energy-Solution-Swings-to-Q1-Loss-Despite-Rising-Battery-Demand.html,"LG Energy Solution reported a first-quarter operating loss as aggressive capacity expansion and shifting demand dynamics weighed on profitability, even as revenue edged higher on strong battery orders.…",2026-04-30,2026-06-17T16:56:05.982022+00:00
OilPrice,FirstEnergy,FirstEnergy Doubles Down on Grid Investment After Strong Q1 Results,https://oilprice.com/Company-News/FirstEnergy-Doubles-Down-on-Grid-Investment-After-Strong-Q1-Results.html,"FirstEnergy Corp. delivered a solid start to 2026, reporting first-quarter core earnings of $0.72 per share, a 7.5% increase over the same period last year, as the company's aggressive infrastructure…",2026-04-29,2026-06-17T16:56:05.982428+00:00
OilPrice,Eni,Eni Moves to Relaunch Venezuela Heavy Oil Project,https://oilprice.com/Company-News/Eni-Moves-to-Relaunch-Venezuela-Heavy-Oil-Project.html,"Eni CEO Claudio Descalzi met Venezuelan Acting President Delcy Rodriguez in Caracas and signed a programmatic agreement with the Hydrocarbons Ministry and PDVSA to restart activity at Junin-5,…",2026-04-28,2026-06-17T16:56:05.982807+00:00
OilPrice,Woodside Energy,Woodside Output Hit by Weather Disruptions but LNG Megaprojects Stay on Track,https://oilprice.com/Company-News/Woodside-Output-Hit-by-Weather-Disruptions-but-LNG-Megaprojects-Stay-on-Track.html,"Woodside Energy reported a decline in first-quarter production, weighed down by seasonal weather disruptions, even as the company maintained high operational reliability and continued advancing its major LNG…",2026-04-28,2026-06-17T16:56:05.983158+00:00
OilPrice,BP,BP Profit Jumps on Strong Trading and Refining Margins in Q1,https://oilprice.com/Company-News/BP-Profit-Jumps-on-Strong-Trading-and-Refining-Margins-in-Q1.html,"BP reported a sharp rebound in first-quarter earnings, with underlying replacement cost (RC) profit rising to $3.2 billion, more than doubling from the previous quarter, as strong oil…",2026-04-28,2026-06-17T16:56:06.417944+00:00
OilPrice,"Overview Energy, Meta",Meta Bets on Space Solar Power in Deal With Overview Energy,https://oilprice.com/Company-News/Meta-Bets-on-Space-Solar-Power-in-Deal-With-Overview-Energy.html,"Meta has entered a first-of-its-kind agreement with Overview Energy to access up to 1 gigawatt of space-based solar power, marking a significant step toward integrating orbital energy systems into terrestrial…",2026-04-27,2026-06-17T16:56:06.418537+00:00
OilPrice,JERA,JERA Profit Rises Despite Lower Revenue as Middle East Risk Clouds Forecast,https://oilprice.com/Company-News/JERA-Profit-Rises-Despite-Lower-Revenue-as-Middle-East-Risk-Clouds-Forecast.html,"JERA said net profit for FY2025 rose 5.2% year on year to 193.5 billion yen, while operating profit climbed 14.6% to 275.9 billion yen, supported by lower fuel…",2026-04-26,2026-06-17T16:56:06.418939+00:00
OilPrice,Origin Energy,Origin Energy Flags Lower LNG Revenue and Cuts Octopus Earnings Outlook,https://oilprice.com/Company-News/Origin-Energy-Flags-Lower-LNG-Revenue-and-Cuts-Octopus-Earnings-Outlook.html,"Origin Energy reported a softer March quarter, with declines across its core LNG segment and a material downgrade to expected earnings from its fast-growing Octopus Energy stake, underscoring diverging performance across…",2026-04-26,2026-06-17T16:56:06.419314+00:00
OilPrice,Ecopetrol,Ecopetrol Moves to Take Control of Brazil’s Brava Energia,https://oilprice.com/Company-News/Ecopetrol-Moves-to-Take-Control-of-Brazils-Brava-Energia.html,"Colombia’s state-controlled oil company Ecopetrol is moving to significantly expand its footprint in Brazil, announcing an agreement to acquire a 26% equity stake in Brava Energia, with plans…",2026-04-23,2026-06-17T16:56:06.419775+00:00
OilPrice,X-energy,X-energy Prices Upsized IPO Ahead of Nasdaq Debut,https://oilprice.com/Company-News/X-energy-Prices-Upsized-IPO-Ahead-of-Nasdaq-Debut.html,"X-energy priced its upsized IPO of 44.25 million Class A shares at $23 each, raising about $1.02 billion before underwriting discounts and expenses. The company…",2026-04-23,2026-06-17T16:56:06.420138+00:00
OilPrice,Kinder Morgan,Kinder Morgan Earnings Surge as Gas Pipeline Demand Drives Growth,https://oilprice.com/Company-News/Kinder-Morgan-Earnings-Surge-as-Gas-Pipeline-Demand-Drives-Growth.html,"Kinder Morgan delivered a robust set of first-quarter results, underscoring the strength of its natural gas-focused midstream business as demand for U.S. gas infrastructure continues to expand.",2026-04-22,2026-06-17T16:56:06.420514+00:00
OilPrice,"ExxonMobil, Qatar Energy",Golden Pass Ships First LNG Cargo From Texas Export Terminal,https://oilprice.com/Company-News/Golden-Pass-Ships-First-LNG-Cargo-From-Texas-Export-Terminal.html,"Golden Pass LNG, the QatarEnergy-ExxonMobil joint venture, said on Wednesday that it had safely loaded and shipped its first LNG export cargo from the Sabine…",2026-04-22,2026-06-17T16:56:06.420862+00:00
OilPrice,Santos Limited,Santos Holds Guidance as Barossa Nears Startup and Pikka First Oil Looms,https://oilprice.com/Company-News/Santos-Holds-Guidance-as-Barossa-Nears-Startup-and-Pikka-First-Oil-Looms.html,"Santos Limited reported stable operational and financial performance in the first quarter, as the company edged closer to first oil at its Pikka development in Alaska and prepared…",2026-04-22,2026-06-17T16:56:06.421214+00:00
OilPrice,Boeing,Boeing Revenue Jumps on Deliveries as Losses Narrow and Backlog Hits Record,https://oilprice.com/Company-News/Boeing-Revenue-Jumps-on-Deliveries-as-Losses-Narrow-and-Backlog-Hits-Record.html,"Boeing reported a 14% year-on-year increase in first-quarter revenue to $22.2 billion, driven primarily by higher commercial aircraft deliveries, while its net loss narrowed significantly and total backlog…",2026-04-22,2026-06-17T16:56:06.421592+00:00
OilPrice,EQT Corporation,EQT Delivers Record Free Cash Flow as Q1 Output Beats Guidance,https://oilprice.com/Company-News/EQT-Delivers-Record-Free-Cash-Flow-as-Q1-Output-Beats-Guidance.html,"EQT Corporation reported record free cash flow of $1.83 billion and net income attributable to EQT of $1.49 billion, up significantly from $242 million a year earlier. Production…",2026-04-22,2026-06-17T16:56:06.421954+00:00
OilPrice,Woodside Energy Group,Australian Court Dismisses Greenpeace Case Against Woodside Energy,https://oilprice.com/Company-News/Australian-Court-Dismisses-Greenpeace-Case-Against-Woodside-Energy.html,"Woodside Energy Group has secured a legal victory after the Federal Court of Australia dismissed proceedings brought by Greenpeace Australia Pacific, ending a closely watched climate-related case targeting…",2026-04-21,2026-06-17T16:56:06.422303+00:00
OilPrice,Halliburton,Halliburton Profit Jumps as International Growth Offsets Headwinds,https://oilprice.com/Company-News/Halliburton-Profit-Jumps-as-International-Growth-Offsets-Headwinds.html,"Halliburton delivered a strong earnings performance in the first quarter of 2026, with net income rising to $461 million, or $0.55 per share, compared with $204 million a…",2026-04-21,2026-06-17T16:56:06.422675+00:00
OilPrice,Fermi Inc.,Fermi Rejects Sale Push as It Advances 17GW AI Power Project,https://oilprice.com/Company-News/Fermi-Rejects-Sale-Push-as-It-Advances-17GW-AI-Power-Project.html,"Fermi America is pressing forward with its ambitious “Fermi 2.0” strategy after receiving strong early interest from potential tenants, partners, and financiers, even as internal tensions surface following…",2026-04-21,2026-06-17T16:56:06.423063+00:00
OilPrice,Enagás,"Enagás Expands Into France With Teréga Stake, Refocuses Hydrogen Strategy",https://oilprice.com/Company-News/Enags-Expands-Into-France-With-Terga-Stake-Refocuses-Hydrogen-Strategy.html,"Spanish gas grid operator Enagás is pushing deeper into Europe’s energy infrastructure landscape, striking a €573 million deal to acquire a 31.5% stake in French transmission system operator Teréga…",2026-04-21,2026-06-17T16:56:06.423461+00:00
OilPrice,Fermi Inc.,Fermi Unveils ‘Fermi 2.0’ Strategy Amid Leadership Shake-Up,https://oilprice.com/Company-News/Fermi-Unveils-Fermi-20-Strategy-Amid-Leadership-Shake-Up.html,"Fermi Inc. has announced a sweeping strategic overhaul under its “Fermi 2.0” initiative, marking a transition from startup to scaled enterprise while reshaping its leadership…",2026-04-20,2026-06-17T16:56:06.423836+00:00
OilPrice,Eni,Eni’s Indonesia Gas Find Raises Kutei Basin Growth Ambitions,https://oilprice.com/Company-News/Enis-Indonesia-Gas-Find-Raises-Kutei-Basin-Growth-Ambitions.html,"Eni has announced a major gas discovery at the Geliga-1 exploration well in the Ganal block offshore East Kalimantan, about 70 km from the Indonesian coast. The well…",2026-04-20,2026-06-17T16:56:06.424183+00:00
OilPrice,Petrobras,Petrobras Expands Africa Push With São Tomé Block 3 Deal,https://oilprice.com/Company-News/Petrobras-Expands-Africa-Push-With-So-Tom-Block-3-Deal.html,Petrobras is expanding its footprint in São Tomé and Príncipe after signing a contract to buy a 75% interest in offshore Block 3 from Oranto Petroleum and assume operatorship of…,2026-04-19,2026-06-17T16:56:06.424613+00:00
OilPrice,Premier Energy Group,Premier Energy to Buy Evryo Grid in Romania From Macquarie,https://oilprice.com/Company-News/Premier-Energy-to-Buy-Evryo-Grid-in-Romania-From-Macquarie.html,"Macquarie Asset Management has struck a deal to exit Evryo Group, handing control of one of Romania’s key electricity distribution networks to Premier Energy Group…",2026-04-17,2026-06-17T16:56:06.424987+00:00
OilPrice,Petrobras,Petrobras Board Vote Looms as Brazil Balances Fuel Prices and Politics,https://oilprice.com/Company-News/Petrobras-Board-Vote-Looms-as-Brazil-Balances-Fuel-Prices-and-Politics.html,"Investors in Petroleo Brasileiro SA will vote Thursday on a new board of directors, as the state-controlled oil giant…",2026-04-16,2026-06-17T16:56:06.425333+00:00
OilPrice,Maurel & Prom,Maurel & Prom Delivers Stronger Production and Revenue in Q1,https://oilprice.com/Company-News/Maurel-Prom-Delivers-Stronger-Production-and-Revenue-in-Q1.html,"Maurel & Prom posted a 7% quarter-on-quarter increase in working interest production to 37,444 boepd in Q1 2026, alongside an 85% jump in sales to $163 million, as…",2026-04-16,2026-06-17T16:56:06.866023+00:00
OilPrice,Equinor,Danske Commodities Navigates Low Volatility With Solid 2025 Profit,https://oilprice.com/Company-News/Danske-Commodities-Navigates-Low-Volatility-With-Solid-2025-Profit.html,"Danske Commodities delivered earnings before tax of €88 million in 2025, demonstrating resilience in a year marked by unusually low volatility across European energy markets. The…",2026-04-16,2026-06-17T16:56:06.866584+00:00
OilPrice,Duke Energy,Duke Energy Seeks Rate Hike After Winter Power Purchases Spike Costs,https://oilprice.com/Company-News/Duke-Energy-Seeks-Rate-Hike-After-Winter-Power-Purchases-Spike-Costs.html,Duke Energy is seeking regulatory approval to recover nearly $800 million in fuel and purchased power costs after extreme winter weather drove record electricity demand and forced the…,2026-04-15,2026-06-17T16:56:06.867030+00:00
OilPrice,Petronas,Petronas Extends Malaysia Fuel Supply Assurance Through June,https://oilprice.com/Company-News/Petronas-Extends-Malaysia-Fuel-Supply-Assurance-Through-June.html,"Petronas said it has secured fuel supply across its nationwide retail network through the end of June 2026, extending its previous guidance of end-May coverage as geopolitical tensions…",2026-04-15,2026-06-17T16:56:06.867451+00:00
OilPrice,Williams,Williams Breaks Ground on Major Northeast Gas Pipeline Expansion,https://oilprice.com/Company-News/Williams-Breaks-Ground-on-Major-Northeast-Gas-Pipeline-Expansion.html,"Williams has officially broken ground on its long-delayed Northeast Supply Enhancement (NESE) project, marking a significant step forward for one of the most politically contested pipeline expansions in…",2026-04-15,2026-06-17T16:56:06.867836+00:00
OilPrice,Suniva,Suniva to Build 4.5 GW Solar Cell Plant in South Carolina,https://oilprice.com/Company-News/Suniva-to-Build-45-GW-Solar-Cell-Plant-in-South-Carolina.html,"Suniva is ramping up its domestic manufacturing push with plans for a new 4.5 GW solar cell plant in South Carolina, a move that would make it the…",2026-04-15,2026-06-17T16:56:06.868213+00:00
OilPrice,BP,BP Flags Trading Windfall as Volatility Lifts Q1 Earnings Outlook,https://oilprice.com/Company-News/BP-Flags-Trading-Windfall-as-Volatility-Lifts-Q1-Earnings-Outlook.html,"BP said first-quarter 2026 results will be shaped by volatile energy markets, highlighting exceptionally strong oil trading performance alongside higher commodity prices, while flagging a temporary rise in…",2026-04-14,2026-06-17T16:56:06.868617+00:00
OilPrice,Petrobras,Petrobras Confirms New Pre-Salt Hydrocarbon Discovery Offshore Brazil,https://oilprice.com/Company-News/Petrobras-Confirms-New-Pre-Salt-Hydrocarbon-Discovery-Offshore-Brazil.html,"Petrobras has announced a new hydrocarbon discovery in Brazil’s prolific pre-salt region, following the drilling of an exploratory well in the Campos Basin, one of the country’s most…",2026-04-14,2026-06-17T16:56:06.868978+00:00
OilPrice,Chevron,Chevron Deepens Venezuela Footprint With Strategic Asset Swap,https://oilprice.com/Company-News/Chevron-Deepens-Venezuela-Footprint-With-Strategic-Asset-Swap.html,"Chevron is strengthening its long-standing position in Venezuela’s upstream sector through a strategic asset swap with state-owned PDVSA, aimed at concentrating its portfolio around high-value heavy crude assets…",2026-04-13,2026-06-17T16:56:06.869331+00:00
OilPrice,Baker Hughes,Baker Hughes Sells Waygate to Hexagon for $1.45 Billion,https://oilprice.com/Company-News/Baker-Hughes-Sells-Waygate-to-Hexagon-for-145-Billion.html,"Baker Hughes has struck a deal to sell its Waygate Technologies business to Sweden-based Hexagon for about $1.45 billion in cash, marking another step in the company’s broader…",2026-04-13,2026-06-17T16:56:06.869703+00:00
OilPrice,TotalEnergies,TotalEnergies Expands Congo Footprint With New Moho Oil Discovery,https://oilprice.com/Company-News/TotalEnergies-Expands-Congo-Footprint-With-New-Moho-Oil-Discovery.html,"TotalEnergies said on Monday it had made a hydrocarbon discovery on the Moho license offshore the Republic of the Congo, adding to a nearby find that together could…",2026-04-13,2026-06-17T16:56:06.870043+00:00
OilPrice,Venture Global,Venture Global Secures $1.75B Loan to Refinance LNG Project,https://oilprice.com/Company-News/Venture-Global-Secures-175B-Loan-to-Refinance-LNG-Project.html,"Venture Global has closed a $1.75 billion senior secured term loan facility tied to its Calcasieu Pass LNG project, marking a significant refinancing move aimed at reducing capital…",2026-04-12,2026-06-17T16:56:06.870430+00:00
OilPrice,Petrobras,Petrobras Moves to Reclaim Full Control of Key Campos Basin Assets,https://oilprice.com/Company-News/Petrobras-Moves-to-Reclaim-Full-Control-of-Key-Campos-Basin-Assets.html,Petrobras has entered into definitive agreements with Petronas Petróleo Brasil to acquire the Malaysian firm’s 50% stake in the Tartaruga Verde and Espadarte Module III fields in the…,2026-04-09,2026-06-17T16:56:06.870783+00:00
OilPrice,Occidental Petroleum,Occidental Strikes Oil in Gulf of Mexico,https://oilprice.com/Company-News/Occidental-Strikes-Oil-in-Gulf-of-Mexico.html,Occidental Petroleum has announced a new oil discovery at the Bandit prospect in the Gulf of…,2026-04-09,2026-06-17T16:56:06.871130+00:00
OilPrice,"Eni, Repsol, Sonatrach",Libya’s National Oil Company Reports Three New Oil and Gas Discoveries,https://oilprice.com/Company-News/Libyas-National-Oil-Company-Reports-Three-New-Oil-and-Gas-Discoveries.html,"Libya’s National Oil Corporation has announced a trio of new hydrocarbon discoveries with Eni, Repsol, and Sonatrach, in a sign that exploration activity is gaining traction again across…",2026-04-08,2026-06-17T16:56:06.871535+00:00
OilPrice,Santos,Santos Hits Strong Alaska Appraisal Well as Pikka Nears First Oil,https://oilprice.com/Company-News/Santos-Hits-Strong-Alaska-Appraisal-Well-as-Pikka-Nears-First-Oil.html,"Santos is sharpening its Alaska growth story after reporting a successful appraisal result at Quokka-1, a well the company says could support another major North Slope oil development…",2026-04-07,2026-06-17T16:56:06.871891+00:00
OilPrice,Eni,Eni Strikes Gas in Egypt as Energy Pressures Mount,https://oilprice.com/Company-News/Eni-Strikes-Gas-in-Egypt-as-Energy-Pressures-Mount.html,"Eni has announced a significant natural gas discovery offshore Egypt, offering a timely boost to a country grappling with mounting energy pressures.…",2026-04-07,2026-06-17T16:56:06.872233+00:00
OilPrice,Energy Transition Minerals,Energy Transition Minerals Confronts Greenland Licence Rejection Risk,https://oilprice.com/Company-News/Energy-Transition-Minerals-Confronts-Greenland-Licence-Rejection-Risk.html,Energy Transition Minerals Ltd is facing a major regulatory setback after Greenland’s government signaled it intends to reject the renewal of the company’s exploration licence for the Kvanefjeld…,2026-04-06,2026-06-17T16:56:06.872651+00:00
OilPrice,Petrobras,Petrobras Shakes Up Leadership Amid Governance Transition,https://oilprice.com/Company-News/Petrobras-Shakes-Up-Leadership-Amid-Governance-Transition.html,"Brazil’s state-controlled oil major Petrobras has announced a set of leadership changes, reshaping both its board of directors and executive management as it navigates a critical governance transition.…",2026-04-06,2026-06-17T16:56:06.873022+00:00
OilPrice,TotalEnergies,TotalEnergies and Masdar Launch $2.2 Billion Asia Renewables JV,https://oilprice.com/Company-News/TotalEnergies-and-Masdar-Launch-22-Billion-Asia-Renewables-JV.html,TotalEnergies and Masdar have signed a binding agreement to create a 50/50 joint venture valued at $2.2 billion that will merge their onshore renewable operations in Asia. The…,2026-04-02,2026-06-17T16:56:06.873389+00:00
OilPrice,BP,BP Names Carol Howle Deputy CEO to Lead Strategy Overhaul,https://oilprice.com/Company-News/BP-Names-Carol-Howle-Deputy-CEO-to-Lead-Strategy-Overhaul.html,"BP has named long-serving executive Carol Howle as deputy CEO, effective immediately, in a move that consolidates strategic oversight at a critical juncture for the company. Howle will…",2026-04-02,2026-06-17T16:56:07.295661+00:00
OilPrice,Colonial Pipeline,Colonial Restarts Key Gasoline Pipeline After Georgia Damage,https://oilprice.com/Company-News/Colonial-Restarts-Key-Gasoline-Pipeline-After-Georgia-Damage.html,Colonial Pipeline has resumed service on its main gasoline artery to the U.S. East Coast after repairing damage caused by a third-party drilling crew in Georgia.,2026-04-01,2026-06-17T16:56:07.296251+00:00
OilPrice,Suncor Energy,Suncor Lifts 2026 Buybacks as New Plan Targets Lower Breakeven,https://oilprice.com/Company-News/Suncor-Lifts-2026-Buybacks-as-New-Plan-Targets-Lower-Breakeven.html,"Suncor Energy is raising shareholder returns after using its 2026 Investor Day to lay out a more ambitious three-year improvement plan centered on stronger cash generation, lower costs,…",2026-03-31,2026-06-17T16:56:07.296674+00:00
OilPrice,Rosneft,Rosneft Profit Slides as Sanctions and Lower Oil Prices Bite,https://oilprice.com/Company-News/Rosneft-Profit-Slides-as-Sanctions-and-Lower-Oil-Prices-Bite.html,"Rosneft’s full-year 2025 IFRS results showed how sharply external pressure is now hitting Russia’s largest oil producer. Revenue fell 18.8% year over year to 8.236 trillion rubles, EBITDA…",2026-03-31,2026-06-17T16:56:07.297045+00:00
OilPrice,TotalEnergies,TotalEnergies Seals UK North Sea Asset Merger With NEO NEXT,https://oilprice.com/Company-News/TotalEnergies-Seals-UK-North-Sea-Asset-Merger-With-NEO-NEXT.html,"TotalEnergies has completed the merger of its UK North Sea upstream portfolio with NEO NEXT, creating a new entity, NEO NEXT+, in a move that reshapes the competitive…",2026-03-30,2026-06-17T16:56:07.297449+00:00
OilPrice,Chevron,Chevron Warns Energy Demand Surge Requires Broad Supply Expansion,https://oilprice.com/Company-News/Chevron-Warns-Energy-Demand-Surge-Requires-Broad-Supply-Expansion.html,"Chevron says the world must expand, not replace, energy supply to meet surging demand driven by population growth, AI, and declining legacy production. The company is…",2026-03-30,2026-06-17T16:56:07.297832+00:00
OilPrice,"QatarEnergy, ExxonMobil",Golden Pass LNG Reaches First Production at Texas Export Project,https://oilprice.com/Company-News/Golden-Pass-LNG-Reaches-First-Production-at-Texas-Export-Project.html,"Golden Pass LNG, a joint venture between QatarEnergy (70%) and ExxonMobil (30%), has achieved first liquefied natural gas production from the first of its three trains at the…",2026-03-30,2026-06-17T16:56:07.298188+00:00
OilPrice,ADES Holding,ADES Posts Modest Profit Growth on Acquisition-Driven Revenue Boost,https://oilprice.com/Company-News/ADES-Posts-Modest-Profit-Growth-on-Acquisition-Driven-Revenue-Boost.html,"ADES Holding Co. reported a 7.9% year-on-year increase in revenue to SAR 6.69 billion ($1.78 billion) for full-year 2025, driven by operational performance across core markets and the…",2026-03-30,2026-06-17T16:56:07.298570+00:00
OilPrice,TotalEnergies,TotalEnergies Beats 2025 Emissions Targets in Transition Push,https://oilprice.com/Company-News/TotalEnergies-Beats-2025-Emissions-Targets-in-Transition-Push.html,"TotalEnergies has exceeded key emissions reduction targets outlined in its 2025 transition strategy, underscoring progress in its dual-track approach of maintaining hydrocarbon production while scaling low-carbon energy.",2026-03-26,2026-06-17T16:56:07.299034+00:00
OilPrice,Equinor,Equinor Tightens Safety After Mongstad Chemical Exposure Probe,https://oilprice.com/Company-News/Equinor-Tightens-Safety-After-Mongstad-Chemical-Exposure-Probe.html,"Equinor has completed its internal investigation into a chemical exposure incident at its Mongstad refinery in Norway, identifying multiple safety and risk management failures and introducing corrective measures…",2026-03-26,2026-06-17T16:56:07.299394+00:00
OilPrice,Woodside Energy,Woodside Takes Control of Texas Ammonia Plant in U.S. Expansion Push,https://oilprice.com/Company-News/Woodside-Takes-Control-of-Texas-Ammonia-Plant-in-US-Expansion-Push.html,"Woodside Energy has officially taken over operations of its Beaumont New Ammonia (BNA) facility in southeast Texas, completing the final stage of its acquisition of OCI’s clean ammonia…",2026-03-25,2026-06-17T16:56:07.299774+00:00
OilPrice,Lynas Rare Earths,Lynas Expands Rare Earth Metals Push With Vietnam Partnership,https://oilprice.com/Company-News/Lynas-Expands-Rare-Earth-Metals-Push-With-Vietnam-Partnership.html,"Lynas Rare Earths has signed a framework agreement with South Korea’s LS Eco Energy to jointly develop a rare earth metal-making facility in Vietnam, marking a significant step…",2026-03-25,2026-06-17T16:56:07.300120+00:00
OilPrice,EnQuest,EnQuest Holds 2026 Output View as Southeast Asia Growth Builds,https://oilprice.com/Company-News/EnQuest-Holds-2026-Output-View-as-Southeast-Asia-Growth-Builds.html,"London-listed EnQuest said its 2025 production rose 5.4% year on year to 42,945 barrels of oil equivalent per day, beating the top end of guidance on a pro…",2026-03-25,2026-06-17T16:56:07.300494+00:00
OilPrice,Equinor,Equinor Begins Drilling at Brazil’s Massive Raia Gas Project,https://oilprice.com/Company-News/Equinor-Begins-Drilling-at-Brazils-Massive-Raia-Gas-Project.html,"Equinor has kicked off drilling at the Raia project, one of the largest natural gas developments advancing offshore Brazil, as the Norwegian energy major pushes deeper into the…",2026-03-24,2026-06-17T16:56:07.300850+00:00
OilPrice,Equinor,Equinor Expands Brazil Renewables With 230 MW Wind Acquisition,https://oilprice.com/Company-News/Equinor-Expands-Brazil-Renewables-With-230-MW-Wind-Acquisition.html,"Equinor has acquired the ready-to-build 230 MW Esquina do Vento onshore wind complex in Brazil from Vestas, marking a further expansion of its renewable footprint in…",2026-03-24,2026-06-17T16:56:07.301191+00:00
OilPrice,TotalEnergies,TotalEnergies Exits U.S. Offshore Wind and Redirects Capital to LNG,https://oilprice.com/Company-News/TotalEnergies-Exits-US-Offshore-Wind-and-Redirects-Capital-to-LNG.html,"TotalEnergies has formally withdrawn from the U.S. offshore wind sector, signing settlement agreements with the Department of the Interior (DOI) to relinquish two major leases awarded in 2022…",2026-03-24,2026-06-17T16:56:07.301594+00:00
OilPrice,Venture Global,Venture Global Secures 5-Year LNG Supply Deal With Vitol,https://oilprice.com/Company-News/Venture-Global-Secures-5-Year-LNG-Supply-Deal-With-Vitol.html,Venture Global has signed a new binding agreement with global commodities trader Vitol to supply approximately 1.5 million tonnes per annum (MTPA) of liquefied natural gas over five…,2026-03-24,2026-06-17T16:56:07.301987+00:00
OilPrice,OMV,OMV Backs Austrian SAF Research Hub to Accelerate Aviation Decarbonization,https://oilprice.com/Company-News/OMV-Backs-Austrian-SAF-Research-Hub-to-Accelerate-Aviation-Decarbonization.html,"OMV has supported the launch of a specialized research facility at the Technical University of Leoben designed to advance sustainable aviation fuel (SAF) technologies, marking a significant step…",2026-03-23,2026-06-17T16:56:07.302379+00:00
OilPrice,Sinopec,Sinopec Profit Slumps in 2025 as Oil Prices and Chemicals Weigh,https://oilprice.com/Company-News/Sinopec-Profit-Slumps-in-2025-as-Oil-Prices-and-Chemicals-Weigh.html,"China Petroleum & Chemical Corp. posted a marked earnings decline in 2025 as softer crude prices, weaker fuel demand, and continued pressure in chemicals weighed on results, even…",2026-03-22,2026-06-17T16:56:07.302740+00:00
OilPrice,TotalEnergies,TotalEnergies and Holcim Launch Europe’s Largest Floating Solar Plant,https://oilprice.com/Company-News/TotalEnergies-and-Holcim-Launch-Europes-Largest-Floating-Solar-Plant.html,"TotalEnergies and building materials giant Holcim have brought online a 31 MW floating solar installation in Obourg, Belgium, marking a significant step in industrial decarbonization and onsite power…",2026-03-22,2026-06-17T16:56:07.755954+00:00
OilPrice,CNOOC,CNOOC Names Huang Yongzhang as Chief Executive Officer,https://oilprice.com/Company-News/CNOOC-Names-Huang-Yongzhang-as-Chief-Executive-Officer.html,"CNOOC Limited has named Huang Yongzhang as its new Chief Executive Officer, marking a significant leadership transition at China’s largest offshore oil and gas producer as it navigates…",2026-03-22,2026-06-17T16:56:07.756538+00:00
OilPrice,Eni,Eni Bets on Upstream Strength and Transition Growth in 2030 Plan,https://oilprice.com/Company-News/Eni-Bets-on-Upstream-Strength-and-Transition-Growth-in-2030-Plan.html,"Italian energy major has set out an ambitious five-year strategy aimed at boosting production, expanding its energy transition portfolio, and significantly increasing shareholder returns through stronger cash generation…",2026-03-19,2026-06-17T16:56:07.756929+00:00
OilPrice,TotalEnergies,TotalEnergies Launches France’s First Advanced Plastic Recycling Plant,https://oilprice.com/Company-News/TotalEnergies-Launches-Frances-First-Advanced-Plastic-Recycling-Plant.html,"TotalEnergies has commissioned France’s first advanced plastics recycling facility at its Grandpuits site near Paris, with a processing capacity of 15,000 tons per year. The plant utilizes pyrolysis…",2026-03-19,2026-06-17T16:56:07.757300+00:00
OilPrice,Equinor,Equinor Restructures Trading and Midstream Units to Boost Value Creation,https://oilprice.com/Company-News/Equinor-Restructures-Trading-and-Midstream-Units-to-Boost-Value-Creation.html,"Equinor will replace its Marketing, Midstream, and Processing unit with two distinct divisions—one focused on infrastructure and operations, and another dedicated to trading and market strategy.",2026-03-19,2026-06-17T16:56:07.757726+00:00
OilPrice,Constellation Energy Corporation,Constellation to Sell $5 Billion PJM Gas Assets to LS Power,https://oilprice.com/Company-News/Constellation-to-Sell-5-Billion-PJM-Gas-Assets-to-LS-Power.html,"Constellation Energy Corporation has struck a $5 billion agreement to divest a portfolio of natural gas-fired power plants in the PJM Interconnection to LS Power, marking the largest…",2026-03-18,2026-06-17T16:56:07.758087+00:00
OilPrice,BHP,BHP Names Brandon Craig CEO as Mike Henry Steps Down,https://oilprice.com/Company-News/BHP-Names-Brandon-Craig-CEO-as-Mike-Henry-Steps-Down.html,"BHP has appointed Brandon Craig as chief executive officer and a director, effective July 1, 2026, replacing Mike Henry after more than six years in the top job.…",2026-03-18,2026-06-17T16:56:07.758481+00:00
OilPrice,Woodside Energy,Woodside Names Liz Westcott CEO After Internal Succession Push,https://oilprice.com/Company-News/Woodside-Names-Liz-Westcott-CEO-After-Internal-Succession-Push.html,"Woodside Energy has confirmed the appointment of Elizabeth “Liz” Westcott as CEO and Managing Director, formalizing her leadership after serving in an acting capacity since December 2025. The…",2026-03-17,2026-06-17T16:56:07.758841+00:00
OilPrice,Petrobras,Petrobras Moves to Buy Petronas Stake in Campos Basin Offshore Fields,https://oilprice.com/Company-News/Petrobras-Moves-to-Buy-Petronas-Stake-in-Campos-Basin-Offshore-Fields.html,Petrobras has exercised its right of first refusal to acquire Petronas Petróleo Brasil’s 50% stake in the Tartaruga Verde field and the Espadarte Module III development in Brazil’s…,2026-03-16,2026-06-17T16:56:07.759192+00:00
OilPrice,BP,BP Backs Angola Gas Start-Up as Quiluma Field Begins Production,https://oilprice.com/Company-News/BP-Backs-Angola-Gas-Start-Up-as-Quiluma-Field-Begins-Production.html,"BP has confirmed the start-up of gas production from the Quiluma field, part of the New Gas Consortium project in Angola, in a move that…",2026-03-16,2026-06-17T16:56:07.759609+00:00
OilPrice,Eni,Eni Strikes Over 1 Tcf of Gas in Offshore Libya,https://oilprice.com/Company-News/Eni-Strikes-Over-1-Tcf-of-Gas-in-Offshore-Libya.html,"Italy’s Eni has announced two new offshore natural gas discoveries in Libya, potentially strengthening supplies to…",2026-03-16,2026-06-17T16:56:07.759956+00:00
OilPrice,TotalEnergies,TotalEnergies Cuts Output as Middle East Conflict Hits Gulf Assets,https://oilprice.com/Company-News/TotalEnergies-Cuts-Output-as-Middle-East-Conflict-Hits-Gulf-Assets.html,…,2026-03-15,2026-06-17T16:56:07.760298+00:00
OilPrice,Petrobras,Petrobras Joins Brazil’s Diesel Subsidy Program to Stabilize Prices,https://oilprice.com/Company-News/Petrobras-Joins-Brazils-Diesel-Subsidy-Program-to-Stabilize-Prices.html,Brazil’s state-controlled oil major Petrobras said its board has approved the company’s participation in a government subsidy program designed to support the commercialization of road…,2026-03-13,2026-06-17T16:56:07.760672+00:00
OilPrice,TotalEnergies,TotalEnergies Restarts Libya’s Mabruk Oil Field After Decade-Long Halt,https://oilprice.com/Company-News/TotalEnergies-Restarts-Libyas-Mabruk-Oil-Field-After-Decade-Long-Halt.html,"TotalEnergies has restarted production at Libya’s Mabruk oil field after more than a decade of inactivity, restoring output from an onshore asset that had been offline since 2015…",2026-03-12,2026-06-17T16:56:07.761018+00:00
OilPrice,Maurel & Prom,Maurel & Prom Sales Fall as Lower Oil Prices Weigh on 2025 Results,https://oilprice.com/Company-News/Maurel-Prom-Sales-Fall-as-Lower-Oil-Prices-Weigh-on-2025-Results.html,"French oil and gas company Maurel & Prom reported a sharp decline in revenue in 2025 as weaker crude prices weighed on its financial results,…",2026-03-12,2026-06-17T16:56:07.761380+00:00
OilPrice,Equinor,Equinor Signs Bio-Methanol Supply Deal With Wallenius Wilhelmsen,https://oilprice.com/Company-News/Equinor-Signs-Bio-Methanol-Supply-Deal-With-Wallenius-Wilhelmsen.html,Equinor has signed a two-year agreement to supply bio-methanol to Wallenius Wilhelmsen for use as marine bunker fuel in the shipping company’s upcoming dual-fuel methanol vessels.,2026-03-11,2026-06-17T16:56:07.761801+00:00
OilPrice,Equinor,Equinor Makes Two Commercial Oil and Gas Discoveries in the North Sea,https://oilprice.com/Company-News/Equinor-Makes-Two-Commercial-Oil-and-Gas-Discoveries-in-the-North-Sea.html,"Equinor has announced two commercial hydrocarbon discoveries in the North Sea, reinforcing the role of near-field exploration in sustaining production from mature areas of the Norwegian continental shelf.…",2026-03-11,2026-06-17T16:56:07.762149+00:00
OilPrice,ExxonMobil,ExxonMobil Board Backs Plan to Shift Legal Domicile to Texas,https://oilprice.com/Company-News/ExxonMobil-Board-Backs-Plan-to-Shift-Legal-Domicile-to-Texas.html,"ExxonMobil’s board of directors has unanimously recommended that shareholders approve a proposal to move the company’s legal domicile from New Jersey to Texas, a shift…",2026-03-10,2026-06-17T16:56:07.762563+00:00
OilPrice,HELLENiQ ENERGY,HELLENiQ ENERGY Launches First Solar Parks in Romania,https://oilprice.com/Company-News/HELLENiQ-ENERGY-Launches-First-Solar-Parks-in-Romania.html,"HELLENiQ ENERGY has launched its first operational renewable energy projects in Romania, marking a milestone in…",2026-03-10,2026-06-17T16:56:07.762933+00:00
OilPrice,GeoPark,GeoPark Declines to Raise Bid for Frontera’s Colombian Oil Assets,https://oilprice.com/Company-News/GeoPark-Declines-to-Raise-Bid-for-Fronteras-Colombian-Oil-Assets.html,"GeoPark Limited has opted not to raise its offer for Frontera Energy’s Colombian exploration and production assets, stepping back from the transaction after a competing proposal from Parex…",2026-03-09,2026-06-17T16:56:07.763314+00:00
OilPrice,Shell,Shell to Sell Jiffy Lube Network to Monomoy in $1.3 Billion Deal,https://oilprice.com/Company-News/Shell-to-Sell-Jiffy-Lube-Network-to-Monomoy-in-13-Billion-Deal.html,"Shell plc (NYSE: SHEL) has agreed to sell Jiffy Lube International and its subsidiary Premium Velocity Auto (PVA) to an affiliate of Monomoy Capital Partners for $1.3 billion,…",2026-03-09,2026-06-17T16:56:08.265556+00:00
OilPrice,Chevron,Chevron Warns California Cap-and-Invest Changes Threaten Energy Supply,https://oilprice.com/Company-News/Chevron-Warns-California-Cap-and-Invest-Changes-Threaten-Energy-Supply.html,"Chevron is urging California officials to reconsider proposed amendments to the state’s Cap-and-Invest (C&I) carbon market program, arguing that the changes could increase fuel costs, accelerate refinery closures,…",2026-03-09,2026-06-17T16:56:08.266087+00:00
OilPrice,Bapco Energies,Bapco Energies Declares Force Majeure After Refinery Attack,https://oilprice.com/Company-News/Bapco-Energies-Declares-Force-Majeure-After-Refinery-Attack.html,Bahrain’s state-owned energy firm Bapco Energies has declared a force majeure across its group operations following an attack on its refinery complex amid escalating regional tensions in the…,2026-03-09,2026-06-17T16:56:08.266499+00:00
OilPrice,Santos,Santos Approves Cooper Basin Optimization Project to Cut Costs,https://oilprice.com/Company-News/Santos-Approves-Cooper-Basin-Optimization-Project-to-Cut-Costs.html,"Santos has taken a final investment decision on the Moomba Central Optimisation project in the Cooper Basin to modernize infrastructure, reduce costs, and unlock future production growth.",2026-03-08,2026-06-17T16:56:08.266873+00:00
OilPrice,Holyvolt & Wildcat Discovery Technologies,Battery Innovation Accelerates as Holyvolt Buys Wildcat in $73M Deal,https://oilprice.com/Company-News/Battery-Innovation-Accelerates-as-Holyvolt-Buys-Wildcat-in-73M-Deal.html,…,2026-03-05,2026-06-17T16:56:08.267231+00:00
OilPrice,Eni,Eni Boosts Stake in Algeria’s Touat Gas Field After Engie Exit,https://oilprice.com/Company-News/Eni-Boosts-Stake-in-Algerias-Touat-Gas-Field-After-Engie-Exit.html,"Italy’s Eni has strengthened its position in Algeria’s onshore Touat natural gas field following the complete exit of France’s Engie, according to an Algerian presidential…",2026-03-02,2026-06-17T16:56:08.267625+00:00
OilPrice,Fugro,Fugro CFO Barbara Geelen to Step Down After 2026 AGM,https://oilprice.com/Company-News/Fugro-CFO-Barbara-Geelen-to-Step-Down-After-2026-AGM.html,"Dutch geodata and offshore services firm Fugro said Friday that Geelen will leave the Board of Management at the close of the upcoming AGM, marking the end of…",2026-02-27,2026-06-17T16:56:08.267990+00:00
OilPrice,TotalEnergies,TotalEnergies Signs 20-Year Deal for Alaska LNG Supply,https://oilprice.com/Company-News/TotalEnergies-Signs-20-Year-Deal-for-Alaska-LNG-Supply.html,"TotalEnergies has signed a preliminary 20-year agreement to purchase 2 million tons per year of LNG from the proposed Alaska LNG project, reinforcing its position as the largest…",2026-02-26,2026-06-17T16:56:08.268337+00:00
OilPrice,Eni,Eni Lifts Buybacks as 2025 Profit Beats Expectations,https://oilprice.com/Company-News/Eni-Lifts-Buybacks-as-2025-Profit-Beats-Expectations.html,"Eni closed 2025 with stronger-than-expected fourth-quarter earnings, robust cash flow, and lower leverage, as upstream production growth and disciplined capital allocation offset a softer oil price environment.",2026-02-26,2026-06-17T16:56:08.268714+00:00
OilPrice,ENGIE,ENGIE Posts €4.9 Billion Recurring Profit in 2025,https://oilprice.com/Company-News/ENGIE-Posts-49-Billion-Recurring-Profit-in-2025.html,"ENGIE reported another year of solid performance in 2025, with results at the upper end of its guidance range and a proposed dividend increase, as…",2026-02-25,2026-06-17T16:56:08.269108+00:00
OilPrice,Nordex SE,Nordex Posts Record Orders and Profit Surge in Strong 2025 Finish,https://oilprice.com/Company-News/Nordex-Posts-Record-Orders-and-Profit-Surge-in-Strong-2025-Finish.html,"Nordex delivered record order intake and sharply higher profitability in 2025, prompting the company to raise its medium-term EBITDA margin target to 10–12 percent. Nordex SE…",2026-02-25,2026-06-17T16:56:08.269486+00:00
OilPrice,EOG Resources,EOG Reports 4Q Earnings and Details $6.5 Billion 2026 Capital Plan,https://oilprice.com/Company-News/EOG-Reports-4Q-Earnings-and-Details-65-Billion-2026-Capital-Plan.html,"For the fourth quarter, EOG posted net income of $701 million, or $1.30 per share, compared with $1.25 billion, or $2.23 per share, in the…",2026-02-24,2026-06-17T16:56:08.269842+00:00
OilPrice,First Solar,"First Solar Sees Record 2025 Profit, Guides Steady 2026 Sales",https://oilprice.com/Company-News/First-Solar-Sees-Record-2025-Profit-Guides-Steady-2026-Sales.html,"First Solar reported record 2025 earnings and set 2026 guidance projecting up to $5.2 billion in sales, underpinned by U.S. manufacturing expansion and federal production tax credits.",2026-02-24,2026-06-17T16:56:08.270190+00:00
OilPrice,Woodside Energy Group,Woodside Posts $2.7 Billion Profit as LNG Growth Projects Advance,https://oilprice.com/Company-News/Woodside-Posts-27-Billion-Profit-as-LNG-Growth-Projects-Advance.html,"Woodside Energy Group reported net profit after tax of $2.7 billion for 2025, with underlying NPAT of $2.6 billion, as record output and resilient operating performance offset a…",2026-02-24,2026-06-17T16:56:08.270565+00:00
OilPrice,Diamondback Energy,Diamondback Lifts Dividend After $5.9B Free Cash Flow in 2025,https://oilprice.com/Company-News/Diamondback-Lifts-Dividend-After-59B-Free-Cash-Flow-in-2025.html,…,2026-02-23,2026-06-17T16:56:08.270909+00:00
OilPrice,EnQuest,EnQuest Guides Stable 2026 Output After Strong 2025 Delivery,https://oilprice.com/Company-News/EnQuest-Guides-Stable-2026-Output-After-Strong-2025-Delivery.html,"EnQuest exceeded its 2025 production guidance and reduced costs below forecast, while guiding broadly stable to slightly lower output in 2026 following weather-related disruptions in the UK North…",2026-02-23,2026-06-17T16:56:08.271258+00:00
OilPrice,Ampol,Ampol Profit Surges as Lytton Rebounds and EG Deal Advances,https://oilprice.com/Company-News/Ampol-Profit-Surges-as-Lytton-Rebounds-and-EG-Deal-Advances.html,Ampol reported a 32% jump in replacement cost operating profit (RCOP) EBIT for 2025 as improved refining margins and retail resilience drove earnings growth across its core businesses.…,2026-02-22,2026-06-17T16:56:08.271633+00:00
OilPrice,Consolidated Edison,Con Edison Earnings Climb as Infrastructure Spend Ramps Up,https://oilprice.com/Company-News/Con-Edison-Earnings-Climb-as-Infrastructure-Spend-Ramps-Up.html,"Consolidated Edison posted net income for common stock of $2.02 billion, or $5.66 per share, for 2025, up from $1.82 billion, or $5.26 per share,…",2026-02-19,2026-06-17T16:56:08.271973+00:00
OilPrice,Alliant Energy,Alliant Energy to Boost Capital Spending After 2025 Profit Growth,https://oilprice.com/Company-News/Alliant-Energy-to-Boost-Capital-Spending-After-2025-Profit-Growth.html,"Alliant Energy said 2025 GAAP EPS rose to $3.14 from $2.69 in 2024, while ongoing (non-GAAP) EPS increased to $3.22 from $3.04, representing 6% growth. The company affirmed…",2026-02-19,2026-06-17T16:56:08.272374+00:00
OilPrice,YPF,YPF Doubles Down on Vaca Muerta Despite Oil Price Risks,https://oilprice.com/Company-News/YPF-Doubles-Down-on-Vaca-Muerta-Despite-Oil-Price-Risks.html,"Argentina’s state-controlled energy company YPF SA is preparing to maintain heavy investment in the Vaca Muerta shale basin even if oil prices fall this year, as President Javier…",2026-02-19,2026-06-17T16:56:08.272791+00:00
